{"gv": {"localName": "Manx", "mainPage": "Ard-ghuillag", "name": "Gaelg"}, "sco": {"localName": "Scots", "mainPage": "Main Page", "name": "Scots"}, "zea": {"localName": "Zeeuws", "mainPage": "V\u00f2blad", "name": "Ze\u00eauws"}, "szl": {"localName": "Silesian", "mainPage": "Przod\u0144o zajta", "name": "\u015al\u016fnski"}, "pnb": {"localName": "Western Punjabi", "mainPage": "\u067e\u06c1\u0644\u0627 \u0635\u0641\u06c1", "name": "\u067e\u0646\u062c\u0627\u0628\u06cc"}, "cdo": {"localName": "Min Dong Chinese", "mainPage": "T\u00e0u Hi\u0115k", "name": "M\u00ecng-d\u0115\u0324ng-ng\u1e73\u0304"}, "gu": {"localName": "Gujarati", "mainPage": "\u0aae\u0ac1\u0a96\u0aaa\u0ac3\u0ab7\u0acd\u0aa0", "name": "\u0a97\u0ac1\u0a9c\u0ab0\u0abe\u0aa4\u0ac0"}, "kbd": {"localName": "Kabardian", "mainPage": "\u041d\u0430\u043f\u044d\u043a\u04c0\u0443\u044d\u0446\u04c0 \u043d\u044d\u0445\u044a\u044b\u0449\u0445\u044c\u044d", "name": "\u0410\u0434\u044b\u0433\u044d\u0431\u0437\u044d"}, "gd": {"localName": "Scottish Gaelic", "mainPage": "Pr\u00ecomh-Dhuilleag", "name": "G\u00e0idhlig"}, "ga": {"localName": "Irish", "mainPage": "Pr\u00edomhleathanach", "name": "Gaeilge"}, "gn": {"localName": "Guarani", "mainPage": "Ape", "name": "Ava\u00f1e'\u1ebd"}, "gl": {"localName": "Galician", "mainPage": "Portada", "name": "Galego"}, "vls": {"localName": "West-Vlams", "mainPage": "Voorblad", "name": "West-Vlams"}, "lg": {"localName": "Ganda", "mainPage": "Olupapula Olusooka", "name": "Luganda"}, "hak": {"localName": "Hakka", "mainPage": "Th\u00e8u-Ya\u030dp", "name": "Hak-k\u00e2-fa"}, "lb": {"localName": "Luxembourgish", "mainPage": "Haapts\u00e4it", "name": "L\u00ebtzebuergesch"}, "wuu": {"localName": "Wu", "mainPage": "\u5c01\u9762", "name": "\u5434\u8bed"}, "vep": {"localName": "Veps", "mainPage": "P\u00e4lehtpol\u2019", "name": "Veps\u00e4n kel\u2019"}, "ty": {"localName": "Tahitian", "mainPage": "Fa\u2019ari\u2019ira\u2019a", "name": "Reo M\u0101`ohi"}, "ln": {"localName": "Lingala", "mainPage": "Lok\u00e1s\u00e1 ya libos\u00f3", "name": "Ling\u00e1la"}, "lo": {"localName": "Lao", "mainPage": "\u0edc\u0ec9\u0eb2\u0eab\u0ebc\u0eb1\u0e81", "name": "\u0ea5\u0eb2\u0ea7"}, "xmf": {"localName": "Mingrelian", "mainPage": "\u10d3\u10e3\u10d3\u10ee\u10d0\u10e1\u10f7\u10da\u10d0", "name": "\u10db\u10d0\u10e0\u10d2\u10d0\u10da\u10e3\u10e0\u10d8"}, "tr": {"localName": "Turkish", "mainPage": "Ana Sayfa", "name": "T\u00fcrk\u00e7e"}, "cbk-zam": {"localName": "Chavacano de Zamboanga", "mainPage": "El Primero Pagina", "name": "Chavacano de Zamboanga"}, "li": {"localName": "Limburgish", "mainPage": "Veurblaad", "name": "Limburgs"}, "tn": {"localName": "Tswana", "mainPage": "Main Page", "name": "Setswana"}, "to": {"localName": "Tongan", "mainPage": "Peesi tali fiefia", "name": "lea faka-Tonga"}, "tl": {"localName": "Tagalog", "mainPage": "Unang Pahina", "name": "Tagalog"}, "vec": {"localName": "V\u00e8neto", "mainPage": "Pajina prinsipa\u0142e", "name": "V\u00e8neto"}, "th": {"localName": "Thai", "mainPage": "\u0e2b\u0e19\u0e49\u0e32\u0e2b\u0e25\u0e31\u0e01", "name": "\u0e44\u0e17\u0e22"}, "ti": {"localName": "Tigrinya", "mainPage": "\u1218\u1260\u1308\u1232 \u1308\u133d", "name": "\u1275\u130d\u122d\u129b"}, "tg": {"localName": "Tajik", "mainPage": "\u0421\u0430\u04b3\u0438\u0444\u0430\u0438 \u0410\u0441\u043b\u04e3", "name": "\u0422\u043e\u04b7\u0438\u043a\u04e3"}, "he": {"localName": "Hebrew", "mainPage": "\u05e2\u05de\u05d5\u05d3 \u05e8\u05d0\u05e9\u05d9", "name": "\u05e2\u05d1\u05e8\u05d9\u05ea"}, "ksh": {"localName": "Colognian", "mainPage": "Project:Houpsigk", "name": "Ripoarisch"}, "pcd": {"localName": "Picard", "mainPage": "Accueul", "name": "Picard"}, "mwl": {"localName": "Mirandese", "mainPage": "P\u00e1igina Percipal", "name": "Mirand\u00e9s"}, "yi": {"localName": "Yiddish", "mainPage": "\u05d4\u05d5\u05d9\u05e4\u05d8 \u05d6\u05d9\u05d9\u05d8", "name": "\u05d9\u05d9\u05b4\u05d3\u05d9\u05e9"}, "ceb": {"localName": "Cebuano", "mainPage": "Unang Panid", "name": "Cebuano"}, "yo": {"localName": "Yoruba", "mainPage": "Oj\u00faew\u00e9 \u00c0k\u1ecd\u0301k\u1ecd\u0301", "name": "Yor\u00f9b\u00e1"}, "de": {"localName": "German", "mainPage": "Wikipedia:Hauptseite", "name": "Deutsch"}, "da": {"localName": "Danish", "mainPage": "Forside", "name": "Dansk"}, "fr": {"localName": "French", "mainPage": "Wikip\u00e9dia:Accueil principal", "name": "Fran\u00e7ais"}, "dz": {"localName": "Dzongkha", "mainPage": "\u0f58\u0f0b\u0f64\u0f7c\u0f42\u0f0d", "name": "\u0f47\u0f7c\u0f44\u0f0b\u0f41"}, "hif": {"localName": "Fiji Hindi", "mainPage": "Pahila Panna", "name": "Fiji Hindi"}, "got": {"localName": "Gothic", "mainPage": "\ud800\udf37\ud800\udf30\ud800\udf3f\ud800\udf31\ud800\udf39\ud800\udf33\ud800\udf30\ud800\udf43\ud800\udf34\ud800\udf39\ud800\udf33\ud800\udf49", "name": "\ud800\udf32\ud800\udf3f\ud800\udf44\ud800\udf39\ud800\udf43\ud800\udf3a"}, "dv": {"localName": "Divehi", "mainPage": "\u0789\u07a6\u0787\u07a8 \u079e\u07a6\u078a\u07b0\u0799\u07a7", "name": "\u078b\u07a8\u0788\u07ac\u0780\u07a8\u0784\u07a6\u0790\u07b0"}, "bar": {"localName": "Bavarian", "mainPage": "Hauptseitn", "name": "Boarisch"}, "nov": {"localName": "Novial", "mainPage": "Chefi pagine", "name": "Novial"}, "su": {"localName": "Sundanese", "mainPage": "Tepas", "name": "Basa Sunda"}, "qu": {"localName": "Quechua", "mainPage": "Qhapaq p'anqa", "name": "Runa Simi"}, "war": {"localName": "Waray", "mainPage": "Syahan nga Pakli", "name": "Winaray"}, "eml": {"localName": "Emiliano-Romagnolo", "mainPage": "PP", "name": "Emili\u00e0n e rumagn\u00f2l"}, "bxr": {"localName": "\u0411\u0443\u0440\u044f\u0430\u0434", "mainPage": "\u041d\u044e\u0443\u0440 \u0445\u0443\u0443\u0434\u0430\u04bb\u0430\u043d", "name": "\u0411\u0443\u0440\u044f\u0430\u0434"}, "fiu-vro": {"localName": "V\u00f5ro", "mainPage": "P\u00e4\u00e4leht", "name": "V\u00f5ro"}, "lv": {"localName": "Latvian", "mainPage": "S\u0101kumlapa", "name": "Latvie\u0161u"}, "bpy": {"localName": "Bishnupria Manipuri", "mainPage": "\u09aa\u09af\u09bc\u09b2\u09be \u09aa\u09be\u09a4\u09be", "name": "\u0987\u09ae\u09be\u09b0 \u09a0\u09be\u09b0/\u09ac\u09bf\u09b7\u09cd\u09a3\u09c1\u09aa\u09cd\u09b0\u09bf\u09af\u09bc\u09be \u09ae\u09a3\u09bf\u09aa\u09c1\u09b0\u09c0"}, "crh": {"localName": "Crimean Turkish", "mainPage": "Ba\u015f Saife", "name": "Q\u0131r\u0131mtatarca"}, "mhr": {"localName": "Eastern Mari", "mainPage": "\u0422\u04f1\u04a5 \u043b\u0430\u0448\u0442\u044b\u043a", "name": "\u041e\u043b\u044b\u043a \u041c\u0430\u0440\u0438\u0439"}, "diq": {"localName": "Zazaki", "mainPage": "Pela Seri", "name": "Zazaki"}, "el": {"localName": "Greek", "mainPage": "\u03a0\u03cd\u03bb\u03b7:\u039a\u03cd\u03c1\u03b9\u03b1", "name": "\u0395\u03bb\u03bb\u03b7\u03bd\u03b9\u03ba\u03ac"}, "eo": {"localName": "Esperanto", "mainPage": "{{SITENAME}}:\u0108efpa\u011do", "name": "Esperanto"}, "roa-rup": {"localName": "Aromanian", "mainPage": "Prota fr\u00e3ndz\u00e3", "name": "Arm\u00e3neashce"}, "zh": {"localName": "Chinese", "mainPage": "Wikipedia:\u9996\u9875", "name": "\u4e2d\u6587"}, "pms": {"localName": "Piedmontese", "mainPage": "Intrada", "name": "Piemont\u00e8is"}, "ee": {"localName": "Ewe", "mainPage": "Axa do \u014ag\u0254", "name": "E\u028begbe"}, "arz": {"localName": "Egyptian Spoken Arabic", "mainPage": "", "name": "\u0645\u0635\u0631\u0649"}, "rmy": {"localName": "Romani", "mainPage": "Sherutni patrin", "name": "Romani"}, "mdf": {"localName": "Moksha", "mainPage": "\u041f\u0440\u044f \u043b\u043e\u043f\u0430", "name": "\u041c\u043e\u043a\u0448\u0435\u043d\u044c"}, "za": {"localName": "Zhuang", "mainPage": "Yiebdaeuz", "name": "Vahcuengh"}, "arc": {"localName": "Aramaic", "mainPage": "\u0726\u0710\u072c\u0710 \u072a\u071d\u072b\u071d\u072c\u0710", "name": "\u0710\u072a\u0721\u071d\u0710"}, "uk": {"localName": "Ukrainian", "mainPage": "\u0413\u043e\u043b\u043e\u0432\u043d\u0430 \u0441\u0442\u043e\u0440\u0456\u043d\u043a\u0430", "name": "\u0423\u043a\u0440\u0430\u0457\u043d\u0441\u044c\u043a\u0430"}, "eu": {"localName": "Basque", "mainPage": "Azala", "name": "Euskara"}, "zu": {"localName": "Zulu", "mainPage": "Ikhasi Elikhulu", "name": "isiZulu"}, "tet": {"localName": "Tetum", "mainPage": "P\u00e1jina Mahuluk", "name": "Tetun"}, "es": {"localName": "Spanish", "mainPage": "Wikipedia:Portada", "name": "Espa\u00f1ol"}, "ru": {"localName": "Russian", "mainPage": "\u0417\u0430\u0433\u043b\u0430\u0432\u043d\u0430\u044f \u0441\u0442\u0440\u0430\u043d\u0438\u0446\u0430", "name": "\u0420\u0443\u0441\u0441\u043a\u0438\u0439"}, "rw": {"localName": "Kinyarwanda", "mainPage": "Main Page", "name": "Kinyarwanda"}, "mt": {"localName": "Maltese", "mainPage": "Il-Pa\u0121na prin\u010bipali", "name": "Malti"}, "ha": {"localName": "Hausa", "mainPage": "Marhabin", "name": "\u0647\u064e\u0648\u064f\u0633\u064e"}, "als": {"localName": "Alemannisch", "mainPage": "Houptsyte", "name": "Alemannisch"}, "lad": {"localName": "Ladino", "mainPage": "La Primera Hoja", "name": "Ladino"}, "en": {"localName": "English", "mainPage": "Main Page", "name": "English"}, "rm": {"localName": "Romansh", "mainPage": "Wikipedia:Pagina principala", "name": "Rumantsch"}, "rn": {"localName": "Rundi", "mainPage": "Main Page", "name": "Kirundi"}, "ro": {"localName": "Romanian", "mainPage": "Pagina principal\u0103", "name": "Rom\u00e2n\u0103"}, "dsb": {"localName": "Lower Sorbian", "mainPage": "G\u0142owny bok", "name": "Dolnoserbski"}, "bn": {"localName": "Bengali", "mainPage": "\u09aa\u09cd\u09b0\u09a7\u09be\u09a8 \u09aa\u09be\u09a4\u09be", "name": "\u09ac\u09be\u0982\u09b2\u09be"}, "hsb": {"localName": "Upper Sorbian", "mainPage": "H\u0142owna strona", "name": "Hornjoserbsce"}, "be": {"localName": "Belarusian", "mainPage": "\u0413\u0430\u043b\u043e\u045e\u043d\u0430\u044f \u0441\u0442\u0430\u0440\u043e\u043d\u043a\u0430", "name": "\u0411\u0435\u043b\u0430\u0440\u0443\u0441\u043a\u0430\u044f"}, "bg": {"localName": "Bulgarian", "mainPage": "\u041d\u0430\u0447\u0430\u043b\u043d\u0430 \u0441\u0442\u0440\u0430\u043d\u0438\u0446\u0430", "name": "\u0411\u044a\u043b\u0433\u0430\u0440\u0441\u043a\u0438"}, "be-x-old": {"localName": "\u202a\u0411\u0435\u043b\u0430\u0440\u0443\u0441\u043a\u0430\u044f (\u0442\u0430\u0440\u0430\u0448\u043a\u0435\u0432\u0456\u0446\u0430)\u202c", "mainPage": "\u0413\u0430\u043b\u043e\u045e\u043d\u0430\u044f \u0441\u0442\u0430\u0440\u043e\u043d\u043a\u0430", "name": "\u202a\u0411\u0435\u043b\u0430\u0440\u0443\u0441\u043a\u0430\u044f (\u0442\u0430\u0440\u0430\u0448\u043a\u0435\u0432\u0456\u0446\u0430)\u202c"}, "ba": {"localName": "Bashkir", "mainPage": "Wikipedia:\u0411\u0430\u0448 \u0431\u0438\u0442", "name": "\u0411\u0430\u0448\u04a1\u043e\u0440\u0442\u0441\u0430"}, "wa": {"localName": "Walloon", "mainPage": "Mwaisse p\u00e5dje", "name": "Walon"}, "ast": {"localName": "Asturian", "mainPage": "Portada", "name": "Asturianu"}, "wo": {"localName": "Wolof", "mainPage": "X\u00ebt wu nj\u00ebkk", "name": "Wolof"}, "bm": {"localName": "Bambara", "mainPage": "Ny\u025b f\u0254l\u0254", "name": "Bamanankan"}, "jv": {"localName": "Javanese", "mainPage": "Kaca Utama", "name": "Basa Jawa"}, "bo": {"localName": "Tibetan", "mainPage": "\u0f42\u0f59\u0f7c\u0f0b\u0f44\u0f7c\u0f66\u0f0d", "name": "\u0f56\u0f7c\u0f51\u0f0b\u0f61\u0f72\u0f42"}, "bh": {"localName": "Bihari", "mainPage": "\u092a\u0939\u093f\u0932\u0915\u093e \u092a\u0928\u094d\u0928\u093e", "name": "\u092d\u094b\u091c\u092a\u0941\u0930\u0940"}, "bi": {"localName": "Bislama", "mainPage": "Nambawan Pej", "name": "Bislama"}, "rue": {"localName": "Rusyn", "mainPage": "\u0413\u043e\u043b\u043e\u0432\u043d\u0430 \u0441\u0442\u043e\u0440\u0456\u043d\u043a\u0430", "name": "\u0420\u0443\u0441\u0438\u043d\u044c\u0441\u043a\u044b\u0439"}, "map-bms": {"localName": "Basa Banyumasan", "mainPage": "Kaca Utama", "name": "Basa Banyumasan"}, "tum": {"localName": "Tumbuka", "mainPage": "Main Page", "name": "chiTumbuka"}, "br": {"localName": "Breton", "mainPage": "Degemer", "name": "Brezhoneg"}, "bs": {"localName": "Bosnian", "mainPage": "Po\u010detna strana", "name": "Bosanski"}, "lez": {"localName": "Lezghian", "mainPage": "\u041a\u044c\u0438\u043b\u0438\u043d \u0447\u0447\u0438\u043d", "name": "\u041b\u0435\u0437\u0433\u0438"}, "ja": {"localName": "Japanese", "mainPage": "\u30e1\u30a4\u30f3\u30da\u30fc\u30b8", "name": "\u65e5\u672c\u8a9e"}, "scn": {"localName": "Sicilian", "mainPage": "P\u00e0ggina principali", "name": "Sicilianu"}, "om": {"localName": "Oromo", "mainPage": "Fuula Dura", "name": "Oromoo"}, "glk": {"localName": "Gilaki", "mainPage": "\u06af\u062a \u0648\u0644\u06af", "name": "\u06af\u06cc\u0644\u06a9\u06cc"}, "ace": {"localName": "Achinese", "mainPage": "\u00d4n Keu\u00eb", "name": "Ac\u00e8h"}, "fa": {"localName": "Persian", "mainPage": "\u0635\u0641\u062d\u0647\u0654 \u0627\u0635\u0644\u06cc", "name": "\u0641\u0627\u0631\u0633\u06cc"}, "ilo": {"localName": "Iloko", "mainPage": "Umuna a Panid", "name": "Ilokano"}, "la": {"localName": "Latin", "mainPage": "Pagina prima", "name": "Latina"}, "oc": {"localName": "Occitan", "mainPage": "Acu\u00e8lh", "name": "Occitan"}, "so": {"localName": "Somali", "mainPage": "Bogga Hore", "name": "Soomaaliga"}, "ltg": {"localName": "Latgalian", "mainPage": "Suoku puslopa", "name": "Latga\u013cu"}, "tw": {"localName": "Twi", "mainPage": "Main Page", "name": "Twi"}, "krc": {"localName": "Karachay-Balkar", "mainPage": "\u0411\u0430\u0448 \u0431\u0435\u0442", "name": "\u041a\u044a\u0430\u0440\u0430\u0447\u0430\u0439-\u041c\u0430\u043b\u043a\u044a\u0430\u0440"}, "nds": {"localName": "Low German", "mainPage": "Wikipedia:H\u00f6\u00f6ftsiet", "name": "Plattd\u00fc\u00fctsch"}, "pdc": {"localName": "Deitsch", "mainPage": "Haaptblatt", "name": "Deitsch"}, "or": {"localName": "Oriya", "mainPage": "\u0b2a\u0b4d\u0b30\u0b27\u0b3e\u0b28 \u0b2a\u0b43\u0b37\u0b4d\u0b20\u0b3e", "name": "\u0b13\u0b21\u0b3c\u0b3f\u0b06"}, "ext": {"localName": "Extremaduran", "mainPage": "P\u00e1gina prencipal", "name": "Estreme\u00f1u"}, "xh": {"localName": "Xhosa", "mainPage": "Iphepha Elingundoqo", "name": "isiXhosa"}, "ch": {"localName": "Chamorro", "mainPage": "Fanhaluman", "name": "Chamoru"}, "co": {"localName": "Corsican", "mainPage": "Pagina maestra", "name": "Corsu"}, "os": {"localName": "Ossetic", "mainPage": "\u0421\u00e6\u0439\u0440\u0430\u0433 \u0444\u0430\u0440\u0441", "name": "\u0418\u0440\u043e\u043d"}, "nso": {"localName": "Northern Sotho", "mainPage": "Letlakala la pele", "name": "Sesotho sa Leboa"}, "simple": {"localName": "Simple English", "mainPage": "Main Page", "name": "Simple English"}, "bjn": {"localName": "Banjar", "mainPage": "Tungkaran Tatambaian", "name": "Bahasa Banjar"}, "ca": {"localName": "Catalan", "mainPage": "Portada", "name": "Catal\u00e0"}, "lmo": {"localName": "Lumbaart", "mainPage": "Pagina principala", "name": "Lumbaart"}, "ce": {"localName": "Chechen", "mainPage": "\u041a\u043e\u044c\u0440\u0442\u0430 \u0430\u0433l\u043e", "name": "\u041d\u043e\u0445\u0447\u0438\u0439\u043d"}, "ts": {"localName": "Tsonga", "mainPage": "Tlukankulu", "name": "Xitsonga"}, "cy": {"localName": "Welsh", "mainPage": "Hafan", "name": "Cymraeg"}, "sah": {"localName": "Sakha", "mainPage": "\u0421\u04af\u0440\u04af\u043d \u0441\u0438\u0440\u044d\u0439", "name": "\u0421\u0430\u0445\u0430 \u0442\u044b\u043b\u0430"}, "cs": {"localName": "Czech", "mainPage": "Hlavn\u00ed strana", "name": "\u010cesky"}, "cr": {"localName": "Cree", "mainPage": "Main Page", "name": "N\u0113hiyaw\u0113win / \u14c0\u1426\u1403\u152d\u140d\u140f\u1423"}, "cv": {"localName": "Chuvash", "mainPage": "\u0422\u0115\u043f \u0441\u0442\u0440\u0430\u043d\u0438\u0446\u0430", "name": "\u0427\u04d1\u0432\u0430\u0448\u043b\u0430"}, "cu": {"localName": "Church Slavic", "mainPage": "\u0433\u043b\u0430\u0432\u044c\u043d\u0430 \u0441\u0442\u0440\u0430\u043d\u0438\u0446\u0430", "name": "\u0421\u043b\u043e\u0432\u0463\u0301\u043d\u044c\u0441\u043a\u044a / \u2c14\u2c0e\u2c11\u2c02\u2c21\u2c10\u2c20\u2c14\u2c0d\u2c1f"}, "koi": {"localName": "Komi-Permyak", "mainPage": "\u041f\u043e\u043d\u0434\u00f6\u0442\u0447\u0430\u043d \u043b\u0438\u0441\u0442\u0431\u043e\u043a", "name": "\u041f\u0435\u0440\u0435\u043c \u041a\u043e\u043c\u0438"}, "ps": {"localName": "Pashto", "mainPage": "\u0644\u0648\u0645\u0693\u06cc \u0645\u062e", "name": "\u067e\u069a\u062a\u0648"}, "fj": {"localName": "Fijian", "mainPage": "Tabana levu", "name": "Na Vosa Vakaviti"}, "srn": {"localName": "Sranan Tongo", "mainPage": "Fesipapira", "name": "Sranantongo"}, "pt": {"localName": "Portuguese", "mainPage": "Wikipedia:P\u00e1gina principal", "name": "Portugu\u00eas"}, "sm": {"localName": "Samoan", "mainPage": "It\u016blau Muamua", "name": "Gagana Samoa"}, "lt": {"localName": "Lithuanian", "mainPage": "Pagrindinis puslapis", "name": "Lietuvi\u0173"}, "zh-min-nan": {"localName": "B\u00e2n-l\u00e2m-g\u00fa", "mainPage": "Th\u00e2u-ia\u030dh", "name": "B\u00e2n-l\u00e2m-g\u00fa"}, "frr": {"localName": "Northern Frisian", "mainPage": "Hoodsid", "name": "Nordfriisk"}, "chr": {"localName": "Cherokee", "mainPage": "\u13a4\u13b5\u13ae\u13b5\u13cd\u13d7", "name": "\u13e3\u13b3\u13a9"}, "pa": {"localName": "Punjabi", "mainPage": "\u0a2e\u0a41\u0a71\u0a16 \u0a2a\u0a70\u0a28\u0a3e", "name": "\u0a2a\u0a70\u0a1c\u0a3e\u0a2c\u0a40"}, "xal": {"localName": "Kalmyk", "mainPage": "\u041d\u04af\u0440 \u0445\u0430\u043b\u0445", "name": "\u0425\u0430\u043b\u044c\u043c\u0433"}, "chy": {"localName": "Cheyenne", "mainPage": "Va'ohtama", "name": "Tsets\u00eahest\u00e2hese"}, "pi": {"localName": "Pali", "mainPage": "\u092a\u092e\u0941\u0916 \u092a\u0924\u094d\u0924 Pamukha patta", "name": "\u092a\u093e\u0933\u093f"}, "is": {"localName": "Icelandic", "mainPage": "Fors\u00ed\u00f0a", "name": "\u00cdslenska"}, "pl": {"localName": "Polish", "mainPage": "Strona g\u0142\u00f3wna", "name": "Polski"}, "tk": {"localName": "Turkmen", "mainPage": "Ba\u015f Sahypa", "name": "T\u00fcrkmen\u00e7e"}, "hy": {"localName": "Armenian", "mainPage": "\u0533\u056c\u056d\u0561\u057e\u0578\u0580 \u0567\u057b", "name": "\u0540\u0561\u0575\u0565\u0580\u0565\u0576"}, "nrm": {"localName": "Nouormand", "mainPage": "Page d\u00e9 garde", "name": "Nouormand"}, "hr": {"localName": "Croatian", "mainPage": "Glavna stranica", "name": "Hrvatski"}, "am": {"localName": "Amharic", "mainPage": "\u12cb\u1293\u12cd \u1308\u133d", "name": "\u12a0\u121b\u122d\u129b"}, "pfl": {"localName": "P\u00e4lzisch", "mainPage": "Wikipedia:Haubdsaid", "name": "P\u00e4lzisch"}, "ht": {"localName": "Haitian", "mainPage": "Paj Prensipal", "name": "Krey\u00f2l ayisyen"}, "hu": {"localName": "Hungarian", "mainPage": "Kezd\u0151lap", "name": "Magyar"}, "gan": {"localName": "Gan", "mainPage": "\u5c01\u9762", "name": "\u8d1b\u8a9e"}, "bat-smg": {"localName": "Samogitian", "mainPage": "P\u0117rms poslapis", "name": "\u017demait\u0117\u0161ka"}, "hi": {"localName": "Hindi", "mainPage": "\u092e\u0941\u0916\u092a\u0943\u0937\u094d\u0920", "name": "\u0939\u093f\u0928\u094d\u0926\u0940"}, "frp": {"localName": "Franco-Proven\u00e7al", "mainPage": "Re\u00e7ua", "name": "Arpetan"}, "gag": {"localName": "Gagauz", "mainPage": "Ba\u015f yaprak", "name": "Gagauz"}, "myv": {"localName": "Erzya", "mainPage": "\u041f\u0440\u044f\u043a\u0441\u043b\u043e\u043f\u0430", "name": "\u042d\u0440\u0437\u044f\u043d\u044c"}, "bug": {"localName": "Buginese", "mainPage": "\u1a12\u1a1b\u1a04 \u1a15\u1a17\u1a09\u1a1a\u1a19\u1a15", "name": "\u1a05\u1a14 \u1a15\u1a18\u1a01\u1a17"}, "udm": {"localName": "Udmurt", "mainPage": "\u041a\u0443\u0442\u0441\u043a\u043e\u043d \u0431\u0430\u043c", "name": "\u0423\u0434\u043c\u0443\u0440\u0442"}, "mg": {"localName": "Malagasy", "mainPage": "Fandraisana", "name": "Malagasy"}, "te": {"localName": "Telugu", "mainPage": "\u0c2e\u0c4a\u0c26\u0c1f\u0c3f \u0c2a\u0c47\u0c1c\u0c40", "name": "\u0c24\u0c46\u0c32\u0c41\u0c17\u0c41"}, "fur": {"localName": "Friulian", "mainPage": "Pagjine princip\u00e2l", "name": "Furlan"}, "uz": {"localName": "Uzbek", "mainPage": "Bosh Sahifa", "name": "O\u02bbzbek"}, "ml": {"localName": "Malayalam", "mainPage": "\u0d2a\u0d4d\u0d30\u0d27\u0d3e\u0d28 \u0d24\u0d3e\u0d7e", "name": "\u0d2e\u0d32\u0d2f\u0d3e\u0d33\u0d02"}, "mn": {"localName": "Mongolian", "mainPage": "\u041d\u04af\u04af\u0440 \u0445\u0443\u0443\u0434\u0430\u0441", "name": "\u041c\u043e\u043d\u0433\u043e\u043b"}, "mi": {"localName": "Maori", "mainPage": "Hau K\u0101inga", "name": "M\u0101ori"}, "as": {"localName": "Assamese", "mainPage": "\u09ac\u09c7\u099f\u09c1\u09aa\u09be\u09a4", "name": "\u0985\u09b8\u09ae\u09c0\u09af\u09bc\u09be"}, "mk": {"localName": "Macedonian", "mainPage": "\u0413\u043b\u0430\u0432\u043d\u0430 \u0441\u0442\u0440\u0430\u043d\u0438\u0446\u0430", "name": "\u041c\u0430\u043a\u0435\u0434\u043e\u043d\u0441\u043a\u0438"}, "ur": {"localName": "Urdu", "mainPage": "\u0635\u0641\u062d\u06c1 \u0627\u0648\u0644", "name": "\u0627\u0631\u062f\u0648"}, "ss": {"localName": "Swati", "mainPage": "Likhasi Lelikhulu", "name": "SiSwati"}, "sr": {"localName": "Serbian", "mainPage": "\u0413\u043b\u0430\u0432\u043d\u0430 \u0441\u0442\u0440\u0430\u043d\u0430", "name": "\u0421\u0440\u043f\u0441\u043a\u0438 / Srpski"}, "tt": {"localName": "Tatar", "mainPage": "\u0411\u0430\u0448 \u0431\u0438\u0442", "name": "\u0422\u0430\u0442\u0430\u0440\u0447\u0430/Tatar\u00e7a"}, "stq": {"localName": "Seeltersk", "mainPage": "Haudsiede", "name": "Seeltersk"}, "ms": {"localName": "Malay", "mainPage": "Laman Utama", "name": "Bahasa Melayu"}, "mr": {"localName": "Marathi", "mainPage": "\u092e\u0941\u0916\u092a\u0943\u0937\u094d\u0920", "name": "\u092e\u0930\u093e\u0920\u0940"}, "ug": {"localName": "Uighur", "mainPage": "\u0626\u06c7\u064a\u063a\u06c7\u0631\u0686\u06d5 \u06cb\u0649\u0643\u0649\u067e\u0649\u062f\u0649\u064a\u06d5", "name": "\u0626\u06c7\u064a\u063a\u06c7\u0631\u0686\u06d5 / Uyghurche"}, "ta": {"localName": "Tamil", "mainPage": "\u0bae\u0bc1\u0ba4\u0bb1\u0bcd \u0baa\u0b95\u0bcd\u0b95\u0bae\u0bcd", "name": "\u0ba4\u0bae\u0bbf\u0bb4\u0bcd"}, "my": {"localName": "Burmese", "mainPage": "\u1017\u101f\u102d\u102f\u1005\u102c\u1019\u103b\u1000\u103a\u1014\u103e\u102c", "name": "\u1019\u103c\u1014\u103a\u1019\u102c\u1018\u102c\u101e\u102c"}, "sq": {"localName": "Albanian", "mainPage": "Ballina", "name": "Shqip"}, "pih": {"localName": "Norfuk / Pitkern", "mainPage": "Mien Paij", "name": "Norfuk / Pitkern"}, "ang": {"localName": "Old English", "mainPage": "H\u0113afods\u012bde", "name": "\u00c6nglisc"}, "ve": {"localName": "Venda", "mainPage": "Hayani", "name": "Tshivenda"}, "af": {"localName": "Afrikaans", "mainPage": "Tuisblad", "name": "Afrikaans"}, "vi": {"localName": "Vietnamese", "mainPage": "Trang Ch\u00ednh", "name": "Ti\u1ebfng Vi\u1ec7t"}, "ak": {"localName": "Akan", "mainPage": "Krataafa Titiriw", "name": "Akan"}, "av": {"localName": "Avaric", "mainPage": "\u0411\u0435\u0442I\u0435\u0440\u0430\u0431 \u0433\u044c\u0443\u043c\u0435\u0440", "name": "\u0410\u0432\u0430\u0440"}, "iu": {"localName": "Inuktitut", "mainPage": "\u140a\u14a5\u1585", "name": "\u1403\u14c4\u1483\u144e\u1450\u1466/inuktitut"}, "it": {"localName": "Italian", "mainPage": "Pagina principale", "name": "Italiano"}, "an": {"localName": "Aragonese", "mainPage": "Portalada", "name": "Aragon\u00e9s"}, "ay": {"localName": "Aymara", "mainPage": "Nayriri u\u00f1stawi", "name": "Aymar aru"}, "ik": {"localName": "Inupiaq", "mainPage": "Makpi\u0121aaq Kanna", "name": "I\u00f1upiak"}, "ar": {"localName": "Arabic", "mainPage": "\u0627\u0644\u0635\u0641\u062d\u0629 \u0627\u0644\u0631\u0626\u064a\u0633\u064a\u0629", "name": "\u0627\u0644\u0639\u0631\u0628\u064a\u0629"}, "lbe": {"localName": "\u041b\u0430\u043a\u043a\u0443", "mainPage": "\u0410\u0433\u044c\u0430\u043c\u043c\u0443\u0440 \u043b\u0430\u0436\u0438\u043d", "name": "\u041b\u0430\u043a\u043a\u0443"}, "tpi": {"localName": "Tok Pisin", "mainPage": "Fran pes", "name": "Tok Pisin"}, "io": {"localName": "Ido", "mainPage": "Frontispico", "name": "Ido"}, "et": {"localName": "Estonian", "mainPage": "Esileht", "name": "Eesti"}, "ia": {"localName": "Interlingua", "mainPage": "Pagina principal", "name": "Interlingua"}, "haw": {"localName": "Hawaiian", "mainPage": "Ka papa kinohi", "name": "Hawai`i"}, "st": {"localName": "Southern Sotho", "mainPage": "Leqephe la pele", "name": "Sesotho"}, "ie": {"localName": "Interlingue", "mainPage": "Principal p\u00e1gine", "name": "Interlingue"}, "id": {"localName": "Indonesian", "mainPage": "Halaman Utama", "name": "Bahasa Indonesia"}, "ig": {"localName": "Igbo", "mainPage": "Ih\u00fc Mbu", "name": "Igbo"}, "pap": {"localName": "Papiamento", "mainPage": "P\u00e1gina Prinsipal", "name": "Papiamentu"}, "sk": {"localName": "Slovak", "mainPage": "Hlavn\u00e1 str\u00e1nka", "name": "Sloven\u010dina"}, "az": {"localName": "Azerbaijani", "mainPage": "Ana S\u0259hif\u0259", "name": "Az\u0259rbaycanca"}, "nl": {"localName": "Dutch", "mainPage": "Hoofdpagina", "name": "Nederlands"}, "nn": {"localName": "Norwegian Nynorsk", "mainPage": "Hovudside", "name": "\u202aNorsk (nynorsk)\u202c"}, "no": {"localName": "Norwegian (bokm\u00e5l)\u202c", "mainPage": "Portal:Forside", "name": "\u202aNorsk (bokm\u00e5l)\u202c"}, "na": {"localName": "Nauru", "mainPage": "Bwiema peij", "name": "Dorerin Naoero"}, "nah": {"localName": "Nahuatl", "mainPage": "Cal\u012bxatl", "name": "N\u0101huatl"}, "ne": {"localName": "Nepali", "mainPage": "\u092e\u0941\u0916\u094d\u092f \u092a\u0943\u0937\u094d\u0920", "name": "\u0928\u0947\u092a\u093e\u0932\u0940"}, "lij": {"localName": "Ligure", "mainPage": "Pagina prin\u00e7ip\u00e2", "name": "Ligure"}, "csb": {"localName": "Kashubian", "mainPage": "Prz\u00e9dn\u00f4 starna", "name": "Kasz\u00ebbsczi"}, "ny": {"localName": "Nyanja", "mainPage": "Tsamba Lalikulu", "name": "Chi-Chewa"}, "nap": {"localName": "Neapolitan", "mainPage": "Paggena prencepale", "name": "Nnapulitano"}, "vo": {"localName": "Volap\u00fck", "mainPage": "Cifapad", "name": "Volap\u00fck"}, "nds-nl": {"localName": "Nedersaksisch", "mainPage": "Veurblad", "name": "Nedersaksisch"}, "pag": {"localName": "Pangasinan", "mainPage": "Arapan ya Bolong", "name": "Pangasinan"}, "new": {"localName": "Newari", "mainPage": "\u092e\u0942 \u092a\u094c", "name": "\u0928\u0947\u092a\u093e\u0932 \u092d\u093e\u0937\u093e"}, "pam": {"localName": "Pampanga", "mainPage": "Pun Bulung", "name": "Kapampangan"}, "nv": {"localName": "Navajo", "mainPage": "\u00cdiyis\u00ed\u00ed Naaltsoos", "name": "Din\u00e9 bizaad"}, "sn": {"localName": "Shona", "mainPage": "Peji Rekutanga", "name": "chiShona"}, "kab": {"localName": "Kabyle", "mainPage": "Asebter amenzawi", "name": "Taqbaylit"}, "kaa": {"localName": "Kara-Kalpak", "mainPage": "Bas bet", "name": "Qaraqalpaqsha"}, "ku": {"localName": "Kurdish", "mainPage": "Destp\u00eak", "name": "Kurd\u00ee"}, "zh-yue": {"localName": "Cantonese", "mainPage": "\u982d\u7248", "name": "\u7cb5\u8a9e"}, "fy": {"localName": "Western Frisian", "mainPage": "Haadside", "name": "Frysk"}, "sv": {"localName": "Swedish", "mainPage": "Portal:Huvudsida", "name": "Svenska"}, "pnt": {"localName": "Pontic", "mainPage": "\u0391\u03c1\u03c7\u03b9\u03ba\u03cc\u03bd \u03c3\u03b5\u03bb\u03af\u03b4\u03b1", "name": "\u03a0\u03bf\u03bd\u03c4\u03b9\u03b1\u03ba\u03ac"}, "sc": {"localName": "Sardinian", "mainPage": "P\u00e0gina printzipale", "name": "Sardu"}, "ff": {"localName": "Fulah", "mainPage": "Hello ja\u0253\u0253orgo", "name": "Fulfulde"}, "fi": {"localName": "Finnish", "mainPage": "Wikipedia:Etusivu", "name": "Suomi"}, "mzn": {"localName": "Mazanderani", "mainPage": "\u06af\u062a \u0648\u0644\u06af", "name": "\u0645\u0627\u0632\u0650\u0631\u0648\u0646\u06cc"}, "ab": {"localName": "Abkhazian", "mainPage": "\u0418\u0445\u0430\u0434\u043e\u0443 \u0430\u0434\u0430\u049f\u044c\u0430", "name": "\u0410\u04a7\u0441\u0448\u04d9\u0430"}, "ky": {"localName": "Kirghiz", "mainPage": "\u0411\u0430\u0448\u0431\u0430\u0440\u0430\u043a", "name": "\u041a\u044b\u0440\u0433\u044b\u0437\u0447\u0430"}, "zh-classical": {"localName": "Classical Chinese", "mainPage": "\u7dad\u57fa\u5927\u5178:\u5377\u9996", "name": "\u6587\u8a00"}, "fo": {"localName": "Faroese", "mainPage": "Fors\u00ed\u00f0a", "name": "F\u00f8royskt"}, "bcl": {"localName": "Bikol Central", "mainPage": "Pangenot na Pahina", "name": "Bikol Central"}, "ka": {"localName": "Georgian", "mainPage": "\u10db\u10d7\u10d0\u10d5\u10d0\u10e0\u10d8 \u10d2\u10d5\u10d4\u10e0\u10d3\u10d8", "name": "\u10e5\u10d0\u10e0\u10d7\u10e3\u10da\u10d8"}, "kg": {"localName": "Kongo", "mainPage": "Lukaya ya ntete", "name": "Kongo"}, "ckb": {"localName": "Sorani", "mainPage": "\u062f\u06d5\u0633\u062a\u067e\u06ce\u06a9", "name": "\u06a9\u0648\u0631\u062f\u06cc"}, "kk": {"localName": "Kazakh", "mainPage": "\u0411\u0430\u0441\u0442\u044b \u0431\u0435\u0442", "name": "\u049a\u0430\u0437\u0430\u049b\u0448\u0430"}, "roa-tara": {"localName": "Tarand\u00edne", "mainPage": "Pagene Prengep\u00e1le", "name": "Tarand\u00edne"}, "ki": {"localName": "Kikuyu", "mainPage": "Main Page", "name": "G\u0129k\u0169y\u0169"}, "ko": {"localName": "Korean", "mainPage": "Project:\ub300\ubb38", "name": "\ud55c\uad6d\uc5b4"}, "kn": {"localName": "Kannada", "mainPage": "\u0cae\u0cc1\u0c96\u0ccd\u0caf \u0caa\u0cc1\u0c9f", "name": "\u0c95\u0ca8\u0ccd\u0ca8\u0ca1"}, "km": {"localName": "Khmer", "mainPage": "\u1791\u17c6\u1796\u17d0\u179a\u178a\u17be\u1798", "name": "\u1797\u17b6\u179f\u17b6\u1781\u17d2\u1798\u17c2\u179a"}, "kl": {"localName": "Kalaallisut", "mainPage": "Saqqaa", "name": "Kalaallisut"}, "ks": {"localName": "Kashmiri", "mainPage": "\u06af\u064e\u0631\u0655", "name": "\u0915\u0949\u0936\u0941\u0930 / \u06a9\u0672\u0634\u064f\u0631"}, "si": {"localName": "Sinhala", "mainPage": "\u0db8\u0dd4\u0dbd\u0dca \u0db4\u0dd2\u0da7\u0dd4\u0dc0", "name": "\u0dc3\u0dd2\u0d82\u0dc4\u0dbd"}, "sh": {"localName": "Serbo-Croatian", "mainPage": "Glavna stranica / \u0413\u043b\u0430\u0432\u043d\u0430 \u0441\u0442\u0440\u0430\u043d\u0438\u0446\u0430", "name": "Srpskohrvatski / \u0421\u0440\u043f\u0441\u043a\u043e\u0445\u0440\u0432\u0430\u0442\u0441\u043a\u0438"}, "kw": {"localName": "Cornish", "mainPage": "Folen dre", "name": "Kernowek"}, "kv": {"localName": "Komi", "mainPage": "\u041c\u0435\u0434\u0448\u04e7\u0440 \u043b\u0438\u0441\u0442 \u0431\u043e\u043a", "name": "\u041a\u043e\u043c\u0438"}, "mrj": {"localName": "Hill Mari", "mainPage": "\u0422\u04f9\u043d\u0433 \u04f9\u043b\u04f9\u0448\u0442\u04d3\u0448", "name": "\u041a\u044b\u0440\u044b\u043a \u043c\u0430\u0440\u044b"}, "sl": {"localName": "Slovenian", "mainPage": "Glavna stran", "name": "Sloven\u0161\u010dina"}, "jbo": {"localName": "Lojban", "mainPage": "ralju ckupau", "name": "Lojban"}, "sa": {"localName": "Sanskrit", "mainPage": "\u092e\u0941\u0916\u094d\u092f\u092a\u0943\u0937\u094d\u0920\u092e\u094d", "name": "\u0938\u0902\u0938\u094d\u0915\u0943\u0924\u092e\u094d"}, "sg": {"localName": "Sango", "mainPage": "G\u00e4 nz\u00f6n\u00ee", "name": "S\u00e4ng\u00f6"}, "sw": {"localName": "Swahili", "mainPage": "Mwanzo", "name": "Kiswahili"}, "se": {"localName": "Northern Sami", "mainPage": "V\u00e1ldosiidu", "name": "S\u00e1megiella"}, "sd": {"localName": "Sindhi", "mainPage": "\u0645\u064f\u06a9 \u0635\u0641\u062d\u0648", "name": "\u0633\u0646\u068c\u064a"}}