<?xml version="1.0" ?><manifest>
  <remote fetch="ssh://10.67.16.41:29418" name="github_zte_b2g" review="null"/>
  <remote fetch="git://android.git.linaro.org/" name="linaro" review="null"/>
  <remote fetch="ssh://10.67.16.41:29418" name="zte" review="ssh://10.67.16.41:29418"/>
  <default remote="zte" revision="zte/ics_chocolate_cdr"/>
  <!-- Information: cefs is tagged with US_DEV_FFOS_V1.0.0B02 --><project groups="default" name="cefs" path="cefs" revision="8c271b9f3006740a9a0043f9d3420c0b046b30a3"/>
  <!-- Information: prebuilt_tar/prebuilt_tar_file is tagged with US_DEV_FFOS_V1.0.0B02 --><project groups="default" name="prebuilt_tar/prebuilt_tar_file" path="prebuilt_tar_file" revision="8ff0f6d811d2a89c44af42b4aba8d53d647d6e09"/>
  <!-- Information: xulrunner-sdk is tagged with US_DEV_FFOS_V1.0.0B02 --><project groups="default" name="xulrunner-sdk" path="gaia/xulrunner-sdk" revision="65aa821a6011e0276f17e6381e5a6c80e27ef321"/>
  <!-- Information: quic/b2g/build is tagged with US_DEV_FFOS_V1.0.0B02 --><project groups="default" name="quic/b2g/build" path="device/qcom/b2g_common" revision="d3e3541a796ebff3e261379b645d8a49c275dd0a"/>
  <!-- Information: quic/lf/b2g/external/jsmin is tagged with US_DEV_FFOS_V1.0.0B02 --><project groups="default" name="quic/lf/b2g/external/jsmin" path="external/jsmin" revision="cec896f0affaa0226c02605ad28d42df1bc0e393"/>
  <!-- Information: quic/lf/b2g/B2G is tagged with US_DEV_FFOS_V1.0.0B02 --><project groups="default" name="quic/lf/b2g/B2G" path="device/qcom/b2g_common/mozilla-b2g" revision="21697d075e7f86dc7f92a3bf4960780a1e7e6703"/>
  <!-- Information: quic/lf/b2g/fake-dalvik is tagged with US_DEV_FFOS_V1.0.0B02 --><project groups="default" name="quic/lf/b2g/fake-dalvik" path="dalvik" revision="ca1f327d5acc198bb4be62fa51db2c039032c9ce"/>
  <project groups="default" name="quic/lf/b2g/gonk-misc" path="gonk-misc" revision="02d2fef2ba50e35614ba2b699ef0cc14dde2fe4c"/>
  <project groups="default" name="quic/lf/b2g/librecovery" path="librecovery" revision="5524062e2529b72dee78dacd72a4055b95ccd585"/>
  <!-- Information: quic/lf/b2g/moztt is tagged with US_DEV_FFOS_V1.0.0B02 --><project groups="default" name="quic/lf/b2g/moztt" path="external/moztt" revision="6ee1f8987ef36d688f97064c003ad57849dfadf2"/>
  <!-- Information: quic/lf/b2g/platform_external_opensans is tagged with US_DEV_FFOS_V1.0.0B02 --><project groups="default" name="quic/lf/b2g/platform_external_opensans" path="external/opensans" revision="b5b4c226ca1d71e936153cf679dda6d3d60e2354"/>
  <!-- Information: quic/lf/b2g/screencap-gonk is tagged with US_DEV_FFOS_V1.0.0B02 --><project groups="default" name="quic/lf/b2g/screencap-gonk" path="external/screencap-gonk" revision="e6403c71e9eca8cb943739d5a0a192deac60fc51"/>
  <project groups="default" name="quic/lf/releases/gaia" path="gaia" revision="07d209fc98bea4aa4fc30b50e86f755edded280f"/>
  <project groups="default" name="quic/lf/releases/gecko" path="gecko" revision="58759e70319858ef154583cc30db598dcb7df5d0"/>
  <!-- Information: platform/vendor/zte-proprietary/gecko-engmode is tagged with US_DEV_FFOS_V1.0.0B02 --><project groups="default" name="platform/vendor/zte-proprietary/gecko-engmode" path="gecko/b2g/chrome/content/engmode" revision="0cd70562bed985a004fc11647e0d88f14a3c2078"/>
  <project groups="default" name="device/common" revision=""/>
  <project groups="default" name="device/generic/goldfish" revision=""/>
  <project groups="default" name="device/google/accessory/arduino" revision=""/>
  <project groups="default" name="device/google/accessory/demokit" revision=""/>
  <project groups="default" name="device/qcom/common" revision=""/>
  <project groups="default" name="device/sample" revision=""/>
  <project groups="default" name="device/samsung/maguro" revision=""/>
  <project groups="default" name="device/samsung/tuna" revision=""/>
  <project groups="default" name="device/ti/panda" revision=""/>
  <project groups="default" name="device/zte" revision=""/>
  <!-- Information: kernel/lk is tagged with US_DEV_FFOS_V1.0.0B02 --><project groups="default" name="kernel/lk" path="bootable/bootloader/lk" revision="d639f149632bf741486e4710f94f59d42e1c9585"/>
  <project groups="default" name="kernel/msm" path="kernel" revision="845bf49f48897058e9432633a54554aa8f870f40"/>
  <!-- Information: l10n/compare-locales is tagged with US_DEV_FFOS_V1.0.0B02 --><project groups="default" name="l10n/compare-locales" path="compare-locales" revision="1c880a1258b7d96641010c90ed9b9bd0cc43b39d"/>
  <!-- Information: platform/abi/cpp is tagged with US_DEV_FFOS_V1.0.0B02 --><project groups="default" name="platform/abi/cpp" path="abi/cpp" revision="6426040f1be4a844082c9769171ce7f5341a5528"/>
  <!-- Information: platform/bionic is tagged with US_DEV_FFOS_V1.0.0B02 --><project groups="default" name="platform/bionic" path="bionic" revision="81cd43fee0853b48210d8c2b578711b37de1e39e"/>
  <!-- Information: platform/bootable/bootloader/legacy is tagged with US_DEV_FFOS_V1.0.0B02 --><project groups="default" name="platform/bootable/bootloader/legacy" path="bootable/bootloader/legacy" revision="d3271024770ddcc2fb87dd22f8280764545ab05a"/>
  <!-- Information: platform/bootable/diskinstaller is tagged with US_DEV_FFOS_V1.0.0B02 --><project groups="default" name="platform/bootable/diskinstaller" path="bootable/diskinstaller" revision="411bb9df76e5b21affae73f076e5d292197b66be"/>
  <project groups="default" name="platform/bootable/recovery" path="bootable/recovery" revision="1ec036d791e5a183f36db10346016bcaefdb2382"/>
  <project groups="default" name="platform/build" path="build" revision="0d9c8cf94bd84dcec266324b4ead3b8f864d02bb">
    <copyfile dest="Makefile" src="core/root.mk"/>
    <copyfile dest="build.sh" src="core/build_b2g.sh"/>
  </project>
  <project groups="default" name="platform/development" path="development" revision="5c1707fd900342ea2fbb04399ff9ba2ca014caf1"/>
  <!-- Information: platform/docs/source.android.com is tagged with US_DEV_FFOS_V1.0.0B02 --><project groups="default" name="platform/docs/source.android.com" path="docs/source.android.com" revision="2d989273040f563d449f7d10d92fbc7c0af33f32"/>
  <!-- Information: platform/external/alljoyn/alljoyn_core is tagged with US_DEV_FFOS_V1.0.0B02 --><project groups="default" name="platform/external/alljoyn/alljoyn_core" path="external/alljoyn/alljoyn_core" revision="903adb07404a852df3e361c2a3e101e64a5b1e5e"/>
  <!-- Information: platform/external/alljoyn/common is tagged with US_DEV_FFOS_V1.0.0B02 --><project groups="default" name="platform/external/alljoyn/common" path="external/alljoyn/common" revision="04a21fe795b8bf9da874a89eccc7db6481638576"/>
  <!-- Information: platform/external/android-mock is tagged with US_DEV_FFOS_V1.0.0B02 --><project groups="default" name="platform/external/android-mock" path="external/android-mock" revision="40bb73886c61d4b2e96bab98b50c1cbfcb54d9a3"/>
  <!-- Information: platform/external/antlr is tagged with US_DEV_FFOS_V1.0.0B02 --><project groups="default" name="platform/external/antlr" path="external/antlr" revision="939f4a47010d361698e8f81a67e2337e180fc086"/>
  <!-- Information: platform/external/ath-hostap is tagged with US_DEV_FFOS_V1.0.0B02 --><project groups="default" name="platform/external/ath-hostap" path="external/ath-hostap" revision="78d029f17d8625de2e268ae8c1757b624150955b"/>
  <!-- Information: platform/external/iw is tagged with US_DEV_FFOS_V1.0.0B02 --><project groups="default" name="platform/external/iw" path="external/iw" revision="16686d644846f867b57c30fa34320c821e06110e"/>
  <!-- Information: platform/external/apache-harmony is tagged with US_DEV_FFOS_V1.0.0B02 --><project groups="default" name="platform/external/apache-harmony" path="external/apache-harmony" revision="5b53d279675709a4beb54974c72e257c1262da2c"/>
  <!-- Information: platform/external/apache-http is tagged with US_DEV_FFOS_V1.0.0B02 --><project groups="default" name="platform/external/apache-http" path="external/apache-http" revision="6c9d8c58d3ed710f87c26820d903bb8aad81754f"/>
  <!-- Information: platform/external/apache-xml is tagged with US_DEV_FFOS_V1.0.0B02 --><project groups="default" name="platform/external/apache-xml" path="external/apache-xml" revision="74b8044dcd1208a1fc11ee9638584be74663c5a3"/>
  <!-- Information: platform/external/astl is tagged with US_DEV_FFOS_V1.0.0B02 --><project groups="default" name="platform/external/astl" path="external/astl" revision="d13073fbb2bdb9a1bca751f103725a12de7ceafa"/>
  <!-- Information: platform/external/bison is tagged with US_DEV_FFOS_V1.0.0B02 --><project groups="default" name="platform/external/bison" path="external/bison" revision="4af3c477523bc96a5a535500a722cd563f1d486f"/>
  <!-- Information: platform/external/blktrace is tagged with US_DEV_FFOS_V1.0.0B02 --><project groups="default" name="platform/external/blktrace" path="external/blktrace" revision="55236cdbcee4e543d69e2c25dbf27c62301d760a"/>
  <project groups="default" name="platform/external/bluetooth/bluez" path="external/bluetooth/bluez" revision="93637559808704891da7b93d3eee0747bbcf5f42"/>
  <!-- Information: platform/external/bluetooth/glib is tagged with US_DEV_FFOS_V1.0.0B02 --><project groups="default" name="platform/external/bluetooth/glib" path="external/bluetooth/glib" revision="c6b49241cc1a8950723a5f74f8f4b4f4c3fa970e"/>
  <!-- Information: platform/external/bluetooth/hcidump is tagged with US_DEV_FFOS_V1.0.0B02 --><project groups="default" name="platform/external/bluetooth/hcidump" path="external/bluetooth/hcidump" revision="02b1eb24fbb3d0135a81edb4a2175b1397308d7d"/>
  <!-- Information: platform/external/bouncycastle is tagged with US_DEV_FFOS_V1.0.0B02 --><project groups="default" name="platform/external/bouncycastle" path="external/bouncycastle" revision="120c7be3b96ad42d92b9db1a75e5e5845bf3a723"/>
  <!-- Information: platform/external/bsdiff is tagged with US_DEV_FFOS_V1.0.0B02 --><project groups="default" name="platform/external/bsdiff" path="external/bsdiff" revision="81872540236d9bb15cccf963d05b9de48baa5375"/>
  <!-- Information: platform/external/bson is tagged with US_DEV_FFOS_V1.0.0B02 --><project groups="default" name="platform/external/bson" path="external/bson" revision="ad6fc5dbb5f4369e08f7543b1517c225281900c0"/>
  <!-- Information: platform/external/bzip2 is tagged with US_DEV_FFOS_V1.0.0B02 --><project groups="default" name="platform/external/bzip2" path="external/bzip2" revision="048dacdca43eed1534689ececcf2781c63e1e4ba"/>
  <!-- Information: platform/external/clang is tagged with US_DEV_FFOS_V1.0.0B02 --><project groups="default" name="platform/external/clang" path="external/clang" revision="a81676d5fa569fc66dda2697f0933a6338d9d5a3"/>
  <!-- Information: platform/external/collada is tagged with US_DEV_FFOS_V1.0.0B02 --><project groups="default" name="platform/external/collada" path="external/collada" revision="538700ec332c8306a1283f8dfdb016e493905e6f"/>
  <!-- Information: platform/external/compat-wireless is tagged with US_DEV_FFOS_V1.0.0B02 --><project groups="default" name="platform/external/compat-wireless" path="external/compat-wireless" revision="685afa242f96ab21136ef8d38949c028fe55dbe3"/>
  <!-- Information: platform/external/connectivity is tagged with US_DEV_FFOS_V1.0.0B02 --><project groups="default" name="platform/external/connectivity" path="external/connectivity" revision="cd20ec712b4f59ae7a7ce5a88eb00d0c04add114"/>
  <!-- Information: platform/external/curl is tagged with US_DEV_FFOS_V1.0.0B02 --><project groups="default" name="platform/external/curl" path="external/curl" revision="f43b0ff01af1a17b148e39f3fe6e806973cb56ca"/>
  <!-- Information: platform/external/dbus is tagged with US_DEV_FFOS_V1.0.0B02 --><project groups="default" name="platform/external/dbus" path="external/dbus" revision="c7517b6195dc6926728352113e6cc335da3f9c9e"/>
  <!-- Information: platform/external/dhcpcd is tagged with US_DEV_FFOS_V1.0.0B02 --><project groups="default" name="platform/external/dhcpcd" path="external/dhcpcd" revision="1e00fb67022d0921af0fead263f81762781b9ffa"/>
  <!-- Information: platform/external/dnsmasq is tagged with US_DEV_FFOS_V1.0.0B02 --><project groups="default" name="platform/external/dnsmasq" path="external/dnsmasq" revision="f621afad94df46204c25fc2593a19d704d2637f5"/>
  <!-- Information: platform/external/doclava is tagged with US_DEV_FFOS_V1.0.0B02 --><project groups="default" name="platform/external/doclava" path="external/doclava" revision="b168e5d8aa5240a5a6bc28d3c841fc5316dfe73a"/>
  <!-- Information: platform/external/dropbear is tagged with US_DEV_FFOS_V1.0.0B02 --><project groups="default" name="platform/external/dropbear" path="external/dropbear" revision="f57594030e578089ecf52e29559f0703b1a8ea6b"/>
  <!-- Information: platform/external/e2fsprogs is tagged with US_DEV_FFOS_V1.0.0B02 --><project groups="default" name="platform/external/e2fsprogs" path="external/e2fsprogs" revision="d5f550bb2f556c5d287f7c8d2b77223654bcec37"/>
  <!-- Information: platform/external/easymock is tagged with US_DEV_FFOS_V1.0.0B02 --><project groups="default" name="platform/external/easymock" path="external/easymock" revision="c9a234086537e5fd820b110bbd99e3cdc695004c"/>
  <!-- Information: platform/external/elfutils is tagged with US_DEV_FFOS_V1.0.0B02 --><project groups="default" name="platform/external/elfutils" path="external/elfutils" revision="84cf4183ba6f577ee01abe7f1f5a6d4b23df35a8"/>
  <!-- Information: platform/external/embunit is tagged with US_DEV_FFOS_V1.0.0B02 --><project groups="default" name="platform/external/embunit" path="external/embunit" revision="336b7c65098af0d1be69f2db55f4e75342d73b3f"/>
  <!-- Information: platform/external/emma is tagged with US_DEV_FFOS_V1.0.0B02 --><project groups="default" name="platform/external/emma" path="external/emma" revision="4d37e21b7c2fa378dbf7cfe2ea57d7f5991fe6cd"/>
  <!-- Information: platform/external/esd is tagged with US_DEV_FFOS_V1.0.0B02 --><project groups="default" name="platform/external/esd" path="external/esd" revision="224a67f2683a7ee997179fc5dd16115e39987b0f"/>
  <!-- Information: platform/external/expat is tagged with US_DEV_FFOS_V1.0.0B02 --><project groups="default" name="platform/external/expat" path="external/expat" revision="6df134250feab71edb5915ecaa6268210bca76c5"/>
  <!-- Information: platform/external/eyes-free is tagged with US_DEV_FFOS_V1.0.0B02 --><project groups="default" name="platform/external/eyes-free" path="external/eyes-free" revision="16bd4c7a4d1bfe229068b637614dad7c48dd2ceb"/>
  <!-- Information: platform/external/fdlibm is tagged with US_DEV_FFOS_V1.0.0B02 --><project groups="default" name="platform/external/fdlibm" path="external/fdlibm" revision="988ffeb12a6e044ae3504838ef1fee3fe0716934"/>
  <!-- Information: platform/external/flac is tagged with US_DEV_FFOS_V1.0.0B02 --><project groups="default" name="platform/external/flac" path="external/flac" revision="5893fbe890f5dab8e4146d2baa4bd2691c0739e0"/>
  <!-- Information: platform/external/freetype is tagged with US_DEV_FFOS_V1.0.0B02 --><project groups="default" name="platform/external/freetype" path="external/freetype" revision="aeb407daf3711a10a27f3bc2223c5eb05158076e"/>
  <!-- Information: platform/external/fsck_msdos is tagged with US_DEV_FFOS_V1.0.0B02 --><project groups="default" name="platform/external/fsck_msdos" path="external/fsck_msdos" revision="8af338f520b04f8360a452875b9885374a1b7d29"/>
  <!-- Information: platform/external/genext2fs is tagged with US_DEV_FFOS_V1.0.0B02 --><project groups="default" name="platform/external/genext2fs" path="external/genext2fs" revision="2e672fab1b8935ab6df5c2fc69386fe6b4ade873"/>
  <!-- Information: platform/external/giflib is tagged with US_DEV_FFOS_V1.0.0B02 --><project groups="default" name="platform/external/giflib" path="external/giflib" revision="b2597268aef084202a8c349d1cc072c03c6e22eb"/>
  <!-- Information: platform/external/google-diff-match-patch is tagged with US_DEV_FFOS_V1.0.0B02 --><project groups="default" name="platform/external/google-diff-match-patch" path="external/google-diff-match-patch" revision="cecbe12841337860291c2d6a5728b681ec5fca2a"/>
  <!-- Information: platform/external/grub is tagged with US_DEV_FFOS_V1.0.0B02 --><project groups="default" name="platform/external/grub" path="external/grub" revision="cd484b7fcd18d5f967cadbaeb6d27b62f015a5e2"/>
  <!-- Information: platform/external/gtest is tagged with US_DEV_FFOS_V1.0.0B02 --><project groups="default" name="platform/external/gtest" path="external/gtest" revision="2ae00dcfeddad61a0df358a6f91b100f919cdb12"/>
  <!-- Information: platform/external/guava is tagged with US_DEV_FFOS_V1.0.0B02 --><project groups="default" name="platform/external/guava" path="external/guava" revision="436f221940e8b7757119b00031f61cdae085bc84"/>
  <!-- Information: platform/external/harfbuzz is tagged with US_DEV_FFOS_V1.0.0B02 --><project groups="default" name="platform/external/harfbuzz" path="external/harfbuzz" revision="116610d63a859521dacf00fb6818ee9ab2e666f6"/>
  <!-- Information: platform/external/hostap is tagged with US_DEV_FFOS_V1.0.0B02 --><project groups="default" name="platform/external/hostap" path="external/hostap" revision="c081b5fb2fc90a99904999f9acaf76306a202d44"/>
  <!-- Information: platform/external/hostap-06 is tagged with US_DEV_FFOS_V1.0.0B02 --><project groups="default" name="platform/external/hostap-06" path="external/hostap-06" revision="df05d287d76d8551733f7df94ce175f423bb66d1"/>
  <!-- Information: platform/external/hyphenation is tagged with US_DEV_FFOS_V1.0.0B02 --><project groups="default" name="platform/external/hyphenation" path="external/hyphenation" revision="2c8b0b3430ee6a9ee501e6cc7921f8790851c286"/>
  <!-- Information: platform/external/icu4c is tagged with US_DEV_FFOS_V1.0.0B02 --><project groups="default" name="platform/external/icu4c" path="external/icu4c" revision="0fa67b93b831c6636ca18b152a1b1b14cc99b034"/>
  <!-- Information: platform/external/iproute2 is tagged with US_DEV_FFOS_V1.0.0B02 --><project groups="default" name="platform/external/iproute2" path="external/iproute2" revision="34510257c2872b331f894b3ccd92bc0635b35418"/>
  <!-- Information: platform/external/ipsec-tools is tagged with US_DEV_FFOS_V1.0.0B02 --><project groups="default" name="platform/external/ipsec-tools" path="external/ipsec-tools" revision="03eab151f79c1a3f325df93b63fa0a36dba43520"/>
  <!-- Information: platform/external/iptables is tagged with US_DEV_FFOS_V1.0.0B02 --><project groups="default" name="platform/external/iptables" path="external/iptables" revision="3b2deb17f065c5664bb25e1a28489e5792eb63ff"/>
  <!-- Information: platform/external/javasqlite is tagged with US_DEV_FFOS_V1.0.0B02 --><project groups="default" name="platform/external/javasqlite" path="external/javasqlite" revision="0f1e79b33591d98a93678a8f8e93ebff20a061c3"/>
  <!-- Information: platform/external/javassist is tagged with US_DEV_FFOS_V1.0.0B02 --><project groups="default" name="platform/external/javassist" path="external/javassist" revision="14b4d945586243192c8118f4f49be59ebbf561b8"/>
  <!-- Information: platform/external/jdiff is tagged with US_DEV_FFOS_V1.0.0B02 --><project groups="default" name="platform/external/jdiff" path="external/jdiff" revision="e4694302d6a3786c64d954e0b3cf42786283bd3c"/>
  <!-- Information: platform/external/jhead is tagged with US_DEV_FFOS_V1.0.0B02 --><project groups="default" name="platform/external/jhead" path="external/jhead" revision="754078052c687f6721536009c816644c73e4f145"/>
  <!-- Information: platform/external/jpeg is tagged with US_DEV_FFOS_V1.0.0B02 --><project groups="default" name="platform/external/jpeg" path="external/jpeg" revision="a62e464d672a4623233180e4023034bf825f066e"/>
  <!-- Information: platform/external/jsilver is tagged with US_DEV_FFOS_V1.0.0B02 --><project groups="default" name="platform/external/jsilver" path="external/jsilver" revision="a618b151d54625078424bc5940f6bfd63344d11b"/>
  <!-- Information: platform/external/jsr305 is tagged with US_DEV_FFOS_V1.0.0B02 --><project groups="default" name="platform/external/jsr305" path="external/jsr305" revision="100f99d625909fd17a722a0ed0148549afd55cf8"/>
  <!-- Information: platform/external/junit is tagged with US_DEV_FFOS_V1.0.0B02 --><project groups="default" name="platform/external/junit" path="external/junit" revision="b8ee2b059bd6a2fbb8618aa17b64fb921d6df00f"/>
  <!-- Information: platform/external/kernel-headers is tagged with US_DEV_FFOS_V1.0.0B02 --><project groups="default" name="platform/external/kernel-headers" path="external/kernel-headers" revision="11fc5bb3872e6b005491632628094efa6e003e3c"/>
  <!-- Information: platform/external/libffi is tagged with US_DEV_FFOS_V1.0.0B02 --><project groups="default" name="platform/external/libffi" path="external/libffi" revision="5dea54fd57265ce037ac94055b9f94a45558b39e"/>
  <!-- Information: platform/external/libgsm is tagged with US_DEV_FFOS_V1.0.0B02 --><project groups="default" name="platform/external/libgsm" path="external/libgsm" revision="5e4516958690b9a1b2c98f88eeecba3edd2dbda4"/>
  <!-- Information: platform/external/liblzf is tagged with US_DEV_FFOS_V1.0.0B02 --><project groups="default" name="platform/external/liblzf" path="external/liblzf" revision="6946aa575b0949d045722794850896099d937cbb"/>
  <!-- Information: platform/external/libnfc-nxp is tagged with US_DEV_FFOS_V1.0.0B02 --><project groups="default" name="platform/external/libnfc-nxp" path="external/libnfc-nxp" revision="baa9be63c42270b28bb6d5b63ccf992aeaaf7be1"/>
  <!-- Information: platform/external/libnl-headers is tagged with US_DEV_FFOS_V1.0.0B02 --><project groups="default" name="platform/external/libnl-headers" path="external/libnl-headers" revision="6ccf7349d61f73ac26a0675d735d903ab919c658"/>
  <!-- Information: platform/external/libpcap is tagged with US_DEV_FFOS_V1.0.0B02 --><project groups="default" name="platform/external/libpcap" path="external/libpcap" revision="3a7bce5dda6a8db92c9248846d0255e68c3a5b2a"/>
  <!-- Information: platform/external/libphonenumber is tagged with US_DEV_FFOS_V1.0.0B02 --><project groups="default" name="platform/external/libphonenumber" path="external/libphonenumber" revision="8d22c9a05eda1935c6dc27d188158e6ee38dc016"/>
  <!-- Information: platform/external/libpng is tagged with US_DEV_FFOS_V1.0.0B02 --><project groups="default" name="platform/external/libpng" path="external/libpng" revision="9c3730f0efa69f580f03463c237cd928f3196404"/>
  <!-- Information: platform/external/libvpx is tagged with US_DEV_FFOS_V1.0.0B02 --><project groups="default" name="platform/external/libvpx" path="external/libvpx" revision="3a40da0d96da5c520e7707aa14f48a80956e20d7"/>
  <!-- Information: platform/external/libxml2 is tagged with US_DEV_FFOS_V1.0.0B02 --><project groups="default" name="platform/external/libxml2" path="external/libxml2" revision="f4faac137ddd9064872470b799ec8ff436b91ef4"/>
  <!-- Information: platform/external/libxslt is tagged with US_DEV_FFOS_V1.0.0B02 --><project groups="default" name="platform/external/libxslt" path="external/libxslt" revision="d9120218522dc5da663e78996d0f042c0a62bc5e"/>
  <!-- Information: platform/external/llvm is tagged with US_DEV_FFOS_V1.0.0B02 --><project groups="default" name="platform/external/llvm" path="external/llvm" revision="bff5923831940309f7d8ddbff5826ca6ed2dc050"/>
  <!-- Information: platform/external/lohit-fonts is tagged with US_DEV_FFOS_V1.0.0B02 --><project groups="default" name="platform/external/lohit-fonts" path="external/lohit-fonts" revision="93831fc2533ad2048b6d787dbd1839112625b8ad"/>
  <!-- Information: platform/external/markdown is tagged with US_DEV_FFOS_V1.0.0B02 --><project groups="default" name="platform/external/markdown" path="external/markdown" revision="21ce115e566aa5af7fe8a971805af1daab12c754"/>
  <!-- Information: platform/external/mksh is tagged with US_DEV_FFOS_V1.0.0B02 --><project groups="default" name="platform/external/mksh" path="external/mksh" revision="ec646e8f5e7dac9a77d1de549c6ed92c04d0cd4b"/>
  <!-- Information: platform/external/mockwebserver is tagged with US_DEV_FFOS_V1.0.0B02 --><project groups="default" name="platform/external/mockwebserver" path="external/mockwebserver" revision="dcf52bd71fc3b0c07f9919b5d82064c425abcbdb"/>
  <!-- Information: platform/external/mtpd is tagged with US_DEV_FFOS_V1.0.0B02 --><project groups="default" name="platform/external/mtpd" path="external/mtpd" revision="bc05a45da572531ea46e5b05338040b20a08bf91"/>
  <!-- Information: platform/external/netcat is tagged with US_DEV_FFOS_V1.0.0B02 --><project groups="default" name="platform/external/netcat" path="external/netcat" revision="3b92542cff3f53ab608c25e1f65c538e42dece1b"/>
  <!-- Information: platform/external/netperf is tagged with US_DEV_FFOS_V1.0.0B02 --><project groups="default" name="platform/external/netperf" path="external/netperf" revision="58ecd3b7c76263900e38921360e334a416aec362"/>
  <!-- Information: platform/external/neven is tagged with US_DEV_FFOS_V1.0.0B02 --><project groups="default" name="platform/external/neven" path="external/neven" revision="7164d6ac08ab9fc1247aa29f1dafd0ef7808f0f2"/>
  <!-- Information: platform/external/nist-sip is tagged with US_DEV_FFOS_V1.0.0B02 --><project groups="default" name="platform/external/nist-sip" path="external/nist-sip" revision="3ff4b4d623bfb41ec47eea0c87c9aa9bbb9843db"/>
  <!-- Information: platform/external/oauth is tagged with US_DEV_FFOS_V1.0.0B02 --><project groups="default" name="platform/external/oauth" path="external/oauth" revision="bc170f58de82000ed6460f111686a850a1890c07"/>
  <!-- Information: platform/external/opencv is tagged with US_DEV_FFOS_V1.0.0B02 --><project groups="default" name="platform/external/opencv" path="external/opencv" revision="1691b57dbad9cfc15b9a8b72f8b376733b934ffe"/>
  <!-- Information: platform/external/openssl is tagged with US_DEV_FFOS_V1.0.0B02 --><project groups="default" name="platform/external/openssl" path="external/openssl" revision="27d333cce9a31c806b4bfa042925f045c727aecd"/>
  <!-- Information: platform/external/oprofile is tagged with US_DEV_FFOS_V1.0.0B02 --><project groups="default" name="platform/external/oprofile" path="external/oprofile" revision="a2e215abe628d95138749a4813575f8882c1efd0"/>
  <!-- Information: platform/external/pcre is tagged with US_DEV_FFOS_V1.0.0B02 --><project groups="default" name="platform/external/pcre" path="external/pcre" revision="0c84e04724db3a5c658be99847eb196edce6009f"/>
  <!-- Information: platform/external/ping is tagged with US_DEV_FFOS_V1.0.0B02 --><project groups="default" name="platform/external/ping" path="external/ping" revision="e9640ed4c9c4441b512fd17344b8ca7ab507c176"/>
  <!-- Information: platform/external/ping6 is tagged with US_DEV_FFOS_V1.0.0B02 --><project groups="default" name="platform/external/ping6" path="external/ping6" revision="82aaae2089b39522da2d4f93a996d78930ec3382"/>
  <!-- Information: platform/external/powertop is tagged with US_DEV_FFOS_V1.0.0B02 --><project groups="default" name="platform/external/powertop" path="external/powertop" revision="f051adae24a6440bd11b4e77b1c2a7ec11dbb80c"/>
  <!-- Information: platform/external/ppp is tagged with US_DEV_FFOS_V1.0.0B02 --><project groups="default" name="platform/external/ppp" path="external/ppp" revision="ab377ba41c51981a0fa4d5aaf350fe4ca540a610"/>
  <!-- Information: platform/external/proguard is tagged with US_DEV_FFOS_V1.0.0B02 --><project groups="default" name="platform/external/proguard" path="external/proguard" revision="10aa7224f49abe49d123bde5d34346202d49aaca"/>
  <!-- Information: platform/external/protobuf is tagged with US_DEV_FFOS_V1.0.0B02 --><project groups="default" name="platform/external/protobuf" path="external/protobuf" revision="e217977611c52bccde7f7c78e1d3c790c6357431"/>
  <!-- Information: platform/external/qemu is tagged with US_DEV_FFOS_V1.0.0B02 --><project groups="default" name="platform/external/qemu" path="external/qemu" revision="220f4a8e27b70457354a7c06911a0e8887dc1dfe"/>
  <!-- Information: platform/external/qemu-pc-bios is tagged with US_DEV_FFOS_V1.0.0B02 --><project groups="default" name="platform/external/qemu-pc-bios" path="external/qemu-pc-bios" revision="930baf66aeb08c8c72fb5ab3194014d41bb18f94"/>
  <!-- Information: platform/external/quake is tagged with US_DEV_FFOS_V1.0.0B02 --><project groups="default" name="platform/external/quake" path="external/quake" revision="72ba5ff08b2ee59f79ba674aa47542e44b9ff539"/>
  <!-- Information: platform/external/replicaisland is tagged with US_DEV_FFOS_V1.0.0B02 --><project groups="default" name="platform/external/replicaisland" path="external/replicaisland" revision="bf8b8c8eae8f7df938db8194854d48a57cc3102e"/>
  <!-- Information: platform/external/safe-iop is tagged with US_DEV_FFOS_V1.0.0B02 --><project groups="default" name="platform/external/safe-iop" path="external/safe-iop" revision="07073634e2e3aa4f518e36ed5dec3aabc549d5fb"/>
  <!-- Information: platform/external/skia is tagged with US_DEV_FFOS_V1.0.0B02 --><project groups="default" name="platform/external/skia" path="external/skia" revision="79d3a5fde42a0fdb2e2962b0c2986694916e3310"/>
  <!-- Information: platform/external/sonivox is tagged with US_DEV_FFOS_V1.0.0B02 --><project groups="default" name="platform/external/sonivox" path="external/sonivox" revision="7c967779dfc61ac1f346e972de91d4bfce7dccbb"/>
  <!-- Information: platform/external/speex is tagged with US_DEV_FFOS_V1.0.0B02 --><project groups="default" name="platform/external/speex" path="external/speex" revision="ebe6230a7f7c69f5a4389f2b09b7b19ef9e94f32"/>
  <!-- Information: platform/external/sqlite is tagged with US_DEV_FFOS_V1.0.0B02 --><project groups="default" name="platform/external/sqlite" path="external/sqlite" revision="d227a45c6bc1cec3d886af81315144f4e9692bb7"/>
  <!-- Information: platform/external/srec is tagged with US_DEV_FFOS_V1.0.0B02 --><project groups="default" name="platform/external/srec" path="external/srec" revision="38d0f27b33c60b9be4c636af74bcbbae0bfb28b0"/>
  <!-- Information: platform/external/srtp is tagged with US_DEV_FFOS_V1.0.0B02 --><project groups="default" name="platform/external/srtp" path="external/srtp" revision="386ce4d9144fc190797f4e43a31aeaf76ca2e373"/>
  <!-- Information: platform/external/stlport is tagged with US_DEV_FFOS_V1.0.0B02 --><project groups="default" name="platform/external/stlport" path="external/stlport" revision="a6734e0645fce81c9610de0488b729207bfa576e"/>
  <!-- Information: platform/external/strace is tagged with US_DEV_FFOS_V1.0.0B02 --><project groups="default" name="platform/external/strace" path="external/strace" revision="c9fd2e5ef7d002e12e7cf2512506c84a9414b0fd"/>
  <!-- Information: platform/external/tagsoup is tagged with US_DEV_FFOS_V1.0.0B02 --><project groups="default" name="platform/external/tagsoup" path="external/tagsoup" revision="68c2ec9e0acdb3214b7fb91dbab8c9fab8736817"/>
  <!-- Information: platform/external/tcpdump is tagged with US_DEV_FFOS_V1.0.0B02 --><project groups="default" name="platform/external/tcpdump" path="external/tcpdump" revision="532b8f38c144da9a298260a5d8978ab9e8e3856c"/>
  <!-- Information: platform/external/tinyalsa is tagged with US_DEV_FFOS_V1.0.0B02 --><project groups="default" name="platform/external/tinyalsa" path="external/tinyalsa" revision="06cc244ee512c1352215e543615738bc8ac82814"/>
  <!-- Information: platform/external/tinyxml is tagged with US_DEV_FFOS_V1.0.0B02 --><project groups="default" name="platform/external/tinyxml" path="external/tinyxml" revision="d523be60ecc5cbecd629bdb8dbe467b9acc2e033"/>
  <!-- Information: platform/external/tremolo is tagged with US_DEV_FFOS_V1.0.0B02 --><project groups="default" name="platform/external/tremolo" path="external/tremolo" revision="25bd78d2392dbdc879ae53382cde9d019f79cf6f"/>
  <!-- Information: platform/external/tslib is tagged with US_DEV_FFOS_V1.0.0B02 --><project groups="default" name="platform/external/tslib" path="external/tslib" revision="026928a3f7c262ec3a07d1425e05f9e75383a20b"/>
  <!-- Information: platform/external/v8 is tagged with US_DEV_FFOS_V1.0.0B02 --><project groups="default" name="platform/external/v8" path="external/v8" revision="98e5be620c67cfa42ab8458f51a57b83396b9180"/>
  <!-- Information: platform/external/valgrind is tagged with US_DEV_FFOS_V1.0.0B02 --><project groups="default" name="platform/external/valgrind" path="external/valgrind" revision="81bb4091715c03432c736f915a12aefb1433dcf9"/>
  <!-- Information: platform/external/webp is tagged with US_DEV_FFOS_V1.0.0B02 --><project groups="default" name="platform/external/webp" path="external/webp" revision="88fe2b83c4b9232cd08729556fd0485d6a6a92cd"/>
  <!-- Information: platform/external/webrtc is tagged with US_DEV_FFOS_V1.0.0B02 --><project groups="default" name="platform/external/webrtc" path="external/webrtc" revision="137024dc8a2e9251a471e20518a9c3ae06f81f23"/>
  <!-- Information: platform/external/wpa_supplicant is tagged with US_DEV_FFOS_V1.0.0B02 --><project groups="default" name="platform/external/wpa_supplicant" path="external/wpa_supplicant" revision="a01d37870bbf9892d43e792e5de0683ca41c5497"/>
  <!-- Information: platform/external/wpa_supplicant_6 is tagged with US_DEV_FFOS_V1.0.0B02 --><project groups="default" name="platform/external/wpa_supplicant_6" path="external/wpa_supplicant_6" revision="3d8fdea07212e99beb0ef9b1ef1e9e2c3d48482d"/>
  <!-- Information: platform/external/wpa_supplicant_8 is tagged with US_DEV_FFOS_V1.0.0B02 --><project groups="default" name="platform/external/wpa_supplicant_8" path="external/wpa_supplicant_8" revision="d1eba0bd93b59cd927fe80c25e8ab1c70b1c3092"/>
  <!-- Information: platform/external/wpa_supplicant_8_bcm is tagged with US_DEV_FFOS_V1.0.0B02 --><project groups="default" name="platform/external/wpa_supplicant_8_bcm" path="external/wpa_supplicant_8_bcm" revision="37036ccf24ac2e3bc7d066c280456ac8563058e3"/>
  <!-- Information: platform/external/wapilib is tagged with US_DEV_FFOS_V1.0.0B02 --><project groups="default" name="platform/external/wapilib" path="external/wapilib" revision="45fa44a36080ac7347dea3164b88bd840dc6300f"/>
  <!-- Information: platform/external/xmlwriter is tagged with US_DEV_FFOS_V1.0.0B02 --><project groups="default" name="platform/external/xmlwriter" path="external/xmlwriter" revision="e95d92246ee35273dde2bee8b00485cc14c12be5"/>
  <!-- Information: platform/external/yaffs2 is tagged with US_DEV_FFOS_V1.0.0B02 --><project groups="default" name="platform/external/yaffs2" path="external/yaffs2" revision="0afa916204c664b3114429637b63af1321a0aeca"/>
  <!-- Information: platform/external/zlib is tagged with US_DEV_FFOS_V1.0.0B02 --><project groups="default" name="platform/external/zlib" path="external/zlib" revision="f96a1d1ebfdf1cd582210fd09c23d8f59e0ae094"/>
  <project groups="default" name="platform/frameworks/base" path="frameworks/base" revision="ebb7f45f296907583f349689842fd32a2c36756d"/>
  <!-- Information: platform/frameworks/media/libvideoeditor is tagged with US_DEV_FFOS_V1.0.0B02 --><project groups="default" name="platform/frameworks/media/libvideoeditor" path="frameworks/media/libvideoeditor" revision="f44a45a30de700a51451695b3bc40e38b416782f"/>
  <!-- Information: platform/frameworks/opt/calendar is tagged with US_DEV_FFOS_V1.0.0B02 --><project groups="default" name="platform/frameworks/opt/calendar" path="frameworks/opt/calendar" revision="541f8d123f7953d7ec57d544d3c70de99d8e4d82"/>
  <!-- Information: platform/frameworks/opt/emoji is tagged with US_DEV_FFOS_V1.0.0B02 --><project groups="default" name="platform/frameworks/opt/emoji" path="frameworks/opt/emoji" revision="a95d8db002770469d72dfaf59ff37ac96db29a87"/>
  <!-- Information: platform/frameworks/opt/inputmethodcommon is tagged with US_DEV_FFOS_V1.0.0B02 --><project groups="default" name="platform/frameworks/opt/inputmethodcommon" path="frameworks/opt/inputmethodcommon" revision="f3320979f6d3b63686f15cedae65bba144643e25"/>
  <!-- Information: platform/frameworks/opt/mailcommon is tagged with US_DEV_FFOS_V1.0.0B02 --><project groups="default" name="platform/frameworks/opt/mailcommon" path="frameworks/opt/mailcommon" revision="1e798de3766b15fa1ca134c54b9e98b4bb52036a"/>
  <!-- Information: platform/frameworks/opt/vcard is tagged with US_DEV_FFOS_V1.0.0B02 --><project groups="default" name="platform/frameworks/opt/vcard" path="frameworks/opt/vcard" revision="5fffd2ba2d7fc22271251251f89043ab345acd74"/>
  <!-- Information: platform/frameworks/support is tagged with US_DEV_FFOS_V1.0.0B02 --><project groups="default" name="platform/frameworks/support" path="frameworks/support" revision="27208692b001981f1806f4f396434f4eac78b909"/>
  <!-- Information: platform/hardware/alsa_sound is tagged with US_DEV_FFOS_V1.0.0B02 --><project groups="default" name="platform/hardware/alsa_sound" path="hardware/qcom/alsa_sound" revision="75d881fdeed4b1dc6b0ca9677d1a30c05bd7261a"/>
  <!-- Information: platform/hardware/broadcom/wlan is tagged with US_DEV_FFOS_V1.0.0B02 --><project groups="default" name="platform/hardware/broadcom/wlan" path="hardware/broadcom/wlan" revision="0ac8836ea6eedb04e0a396c798d03cad832b7bb2"/>
  <!-- Information: platform/hardware/broadcom/bt is tagged with US_DEV_FFOS_V1.0.0B02 --><project groups="default" name="platform/hardware/broadcom/bt" path="hardware/broadcom/bt" revision="0072cdf64e3894b289ff59d36ba93373893ba923"/>
  <!-- Information: platform/hardware/invensense is tagged with US_DEV_FFOS_V1.0.0B02 --><project groups="default" name="platform/hardware/invensense" path="hardware/invensense" revision="33315f6b472850e3ad24bb46af5a8193a453f4f1"/>
  <project groups="default" name="platform/hardware/libhardware" path="hardware/libhardware" revision="546a0bd4c1db40cd43f520b0864d92353428752e"/>
  <!-- Information: platform/hardware/libsensors is tagged with US_DEV_FFOS_V1.0.0B02 --><project groups="default" name="platform/hardware/libsensors" path="hardware/libsensors" revision="8371e447f91503e640c4e52533387122fe57aa47"/>
  <!-- Information: platform/hardware/libhardware_legacy is tagged with US_DEV_FFOS_V1.0.0B02 --><project groups="default" name="platform/hardware/libhardware_legacy" path="hardware/libhardware_legacy" revision="d1a3dd27a8cb685114a30678da00d813d6fcadbd"/>
  <project groups="default" name="platform/hardware/msm7k" path="hardware/msm7k" revision="4038de6e3a2fea73c0ef2b731239569fcf522345"/>
  <project groups="default" name="platform/hardware/qcom/camera" path="hardware/qcom/camera" revision="382ff219095d1a22b8909a581ef30fd67de9b883"/>
  <project groups="default" name="platform/hardware/qcom/display" path="hardware/qcom/display" revision="2f24db447be1a5cd3635540fbf71b6767958e55c"/>
  <project groups="default" name="platform/hardware/qcom/gps" path="hardware/qcom/gps" revision="581d8e72af456749f27ac40a463201639272583c"/>
  <project groups="default" name="platform/hardware/qcom/media" path="hardware/qcom/media" revision="4869958476ae3f55b6d1040f58e622c1ebd629ef"/>
  <project groups="default" name="platform/hardware/ril" path="hardware/ril" revision="57b6586c12c6ce3d282583e451ba46824d097702"/>
  <!-- Information: platform/hardware/ti/omap3 is tagged with US_DEV_FFOS_V1.0.0B02 --><project groups="default" name="platform/hardware/ti/omap3" path="hardware/ti/omap3" revision="71b33a71357b3ec211ae479b154cec071e379353"/>
  <!-- Information: platform/hardware/ti/omap4xxx is tagged with US_DEV_FFOS_V1.0.0B02 --><project groups="default" name="platform/hardware/ti/omap4xxx" path="hardware/ti/omap4xxx" revision="fcf615645a67f42576654302585bc4729d371945"/>
  <!-- Information: platform/libcore is tagged with US_DEV_FFOS_V1.0.0B02 --><project groups="default" name="platform/libcore" path="libcore" revision="30841f9fba9ccd5c54f4f079f495994db97f283e"/>
  <!-- Information: platform/ndk is tagged with US_DEV_FFOS_V1.0.0B02 --><project groups="default" name="platform/ndk" path="ndk" revision="9f555971e1481854d5b4dc11b3e6af9fff4f241f"/>
  <!-- Information: platform/packages/wallpapers/LivePicker is tagged with US_DEV_FFOS_V1.0.0B02 --><project groups="default" name="platform/packages/wallpapers/LivePicker" path="packages/wallpapers/LivePicker" revision="0291e1f451327850d7d783f3536d372d511fb375"/>
  <!-- Information: platform/prebuilt is tagged with US_DEV_FFOS_V1.0.0B02 --><project groups="default" name="platform/prebuilt" path="prebuilt" revision="447ea790fcc957dde59730ecc2a65ca263bdc733"/>
  <!-- Information: platform/sdk is tagged with US_DEV_FFOS_V1.0.0B02 --><project groups="default" name="platform/sdk" path="sdk" revision="c8d743ca3cd938f9ec91711e83bb3395c83e29b6"/>
  <!-- Information: platform/system/bluetooth is tagged with US_DEV_FFOS_V1.0.0B02 --><project groups="default" name="platform/system/bluetooth" path="system/bluetooth" revision="3265ac1e7f91b278b350e093584812424e6668da"/>
  <project groups="default" name="platform/system/core" path="system/core" revision="0465e2834182d59bc949e800cee42b6c0f2e6cb1"/>
  <!-- Information: platform/system/extras is tagged with US_DEV_FFOS_V1.0.0B02 --><project groups="default" name="platform/system/extras" path="system/extras" revision="ca75f8136390b57b788be689cf1a6a06b9d5032b"/>
  <!-- Information: platform/system/media is tagged with US_DEV_FFOS_V1.0.0B02 --><project groups="default" name="platform/system/media" path="system/media" revision="7f71c7fd362bbd992ff2e0e80f7af5859ad116ad"/>
  <!-- Information: platform/system/netd is tagged with US_DEV_FFOS_V1.0.0B02 --><project groups="default" name="platform/system/netd" path="system/netd" revision="9c249899d13206cc8696079d3fcd93672b81f3cd"/>
  <!-- Information: platform/system/qcom is tagged with US_DEV_FFOS_V1.0.0B02 --><project groups="default" name="platform/system/qcom" path="system/qcom" revision="48bc6f6999f61341e1a7021f53daccc47d58b273"/>
  <project groups="default" name="platform/system/vold" path="system/vold" revision="d729155de3c9e7e07a8151d8cb74371d39305586"/>
  <!-- Information: platform/vendor/qcom-opensource/battery_monitor is tagged with US_DEV_FFOS_V1.0.0B02 --><project groups="default" name="platform/vendor/qcom-opensource/battery_monitor" path="vendor/qcom/opensource/battery_monitor" revision="461e887fc16a31d3a817f00cdf213daee234b8ee"/>
  <!-- Information: platform/vendor/qcom-opensource/bt-wlan-coex is tagged with US_DEV_FFOS_V1.0.0B02 --><project groups="default" name="platform/vendor/qcom-opensource/bt-wlan-coex" path="vendor/qcom/opensource/bt-wlan-coex" revision="703d2b44417c54d87340ba697d1814cc154f09ee"/>
  <!-- Information: platform/vendor/qcom-opensource/diag is tagged with US_DEV_FFOS_V1.0.0B02 --><project groups="default" name="platform/vendor/qcom-opensource/diag" path="vendor/qcom/opensource/diag" revision="5801fdb892955dbc66146a23aff451fe5d437bb8"/>
  <!-- Information: platform/vendor/qcom-opensource/kernel-tests/mm-audio is tagged with US_DEV_FFOS_V1.0.0B02 --><project groups="default" name="platform/vendor/qcom-opensource/kernel-tests/mm-audio" path="vendor/qcom/opensource/kernel-tests/mm-audio" revision="9dc1a1935e6158a51b3ddd3a26cfa2580cea450f"/>
  <!-- Information: platform/vendor/qcom-opensource/omx/mm-audio is tagged with US_DEV_FFOS_V1.0.0B02 --><project groups="default" name="platform/vendor/qcom-opensource/omx/mm-audio" path="vendor/qcom/opensource/omx/mm-audio" revision="3075b9a2b9cbb4271dc2530f47ccb6fb8c73d96e"/>
  <!-- Information: platform/vendor/qcom-opensource/omx/mm-core is tagged with US_DEV_FFOS_V1.0.0B02 --><project groups="default" name="platform/vendor/qcom-opensource/omx/mm-core" path="vendor/qcom/opensource/omx/mm-core" revision="ab17ac9a074b4bb69986a8436336bdfbbaf9cd39"/>
  <!-- Information: platform/vendor/qcom-opensource/omx/mm-video is tagged with US_DEV_FFOS_V1.0.0B02 --><project groups="default" name="platform/vendor/qcom-opensource/omx/mm-video" path="vendor/qcom/opensource/omx/mm-video" revision="1e9e4578328daf4f3ea6b337675fee1ad6579ca4"/>
  <!-- Information: platform/vendor/qcom-opensource/time-services is tagged with US_DEV_FFOS_V1.0.0B02 --><project groups="default" name="platform/vendor/qcom-opensource/time-services" path="vendor/qcom/opensource/time-services" revision="65d08fe872e3c93af089f80a616a59195e92bb6a"/>
  <!-- Information: platform/vendor/qcom-opensource/v8 is tagged with US_DEV_FFOS_V1.0.0B02 --><project groups="default" name="platform/vendor/qcom-opensource/v8" path="vendor/qcom/opensource/v8" revision="f0a62aa3080221d28730b1eeac9c50da1790f469"/>
  <!-- Information: platform/vendor/qcom/android-open is tagged with US_DEV_FFOS_V1.0.0B02 --><project groups="default" name="platform/vendor/qcom/android-open" path="vendor/qcom/android-open" revision="f9a0369a4dc9f473ee39e2c46ebdfd1722d6d64c"/>
  <!-- Information: platform/vendor/zte is tagged with US_DEV_FFOS_V1.0.0B02 --><project groups="default" name="platform/vendor/zte" path="vendor/zte" revision="22bfe25cc29e9a40ac66cc45ed4d69fcef8bab7f"/>
  <!-- Information: platform/vendor/zte/buildmar is tagged with US_DEV_FFOS_V1.0.0B02 --><project groups="default" name="platform/vendor/zte/buildmar" path="vendor/zte/buildmar" revision="82f032f22a7ca3b6ef93a95071d714b39e38615c"/>
  <!-- Information: platform/vendor/zte/fcctest is tagged with US_DEV_FFOS_V1.0.0B02 --><project groups="default" name="platform/vendor/zte/fcctest" path="vendor/zte/fcctest" revision="abf8a92121ab9b23bf89baf6f6a907c1719469e3"/>
  <!-- Information: platform/vendor/zte/firefoxos-gaia-latam is tagged with US_DEV_FFOS_V1.0.0B02 --><project groups="default" name="platform/vendor/zte/firefoxos-gaia-latam" path="vendor/zte/firefoxos-gaia-latam" revision="76eaaa12c94a7f3058b6519424936c543cf55052"/>
  <!-- Information: platform/vendor/zte/firefoxos-gaia-spain is tagged with US_DEV_FFOS_V1.0.0B02 --><project groups="default" name="platform/vendor/zte/firefoxos-gaia-spain" path="vendor/zte/firefoxos-gaia-spain" revision="d83d629958b0d9f11156e2ee0eca4aac252db4ff"/>
  <project groups="default" name="platform/vendor/qcom/msm7627a" path="device/qcom/msm7627a" revision="f82646a05decb368be51ae1b5f8503a0c01422f9"/>
  <!-- Information: releases/l10n/cs/gaia is tagged with US_DEV_FFOS_V1.0.0B02 --><project groups="default" name="releases/l10n/cs/gaia" path="gaia-l10n/cs" revision="203528bddacd5bcae2881f6803142cfd49754c95"/>
  <!-- Information: releases/l10n/cs/gecko is tagged with US_DEV_FFOS_V1.0.0B02 --><project groups="default" name="releases/l10n/cs/gecko" path="gecko-l10n/cs" revision="c464a031ee7674a6821d02906b3fafe357aa094f"/>
  <!-- Information: releases/l10n/de/gaia is tagged with US_DEV_FFOS_V1.0.0B02 --><project groups="default" name="releases/l10n/de/gaia" path="gaia-l10n/de" revision="ad41e0e4b398ab7c32f041556d0c28880c1d434c"/>
  <!-- Information: releases/l10n/de/gecko is tagged with US_DEV_FFOS_V1.0.0B02 --><project groups="default" name="releases/l10n/de/gecko" path="gecko-l10n/de" revision="08c3c8af1a547bf9b2269f0a6333509972473dfa"/>
  <!-- Information: releases/l10n/en-US/gaia is tagged with US_DEV_FFOS_V1.0.0B02 --><project groups="default" name="releases/l10n/en-US/gaia" path="gaia-l10n/en-US" revision="e8b0ae7f5ee6836698ffb73163c9dd7d03b7179d"/>
  <!-- Information: releases/l10n/es-ES/gecko is tagged with US_DEV_FFOS_V1.0.0B02 --><project groups="default" name="releases/l10n/es-ES/gecko" path="gecko-l10n/es-ES" revision="6f3be0928fa6dc3a2bd7b22aa80ecab6c6032e72"/>
  <!-- Information: releases/l10n/es/gaia is tagged with US_DEV_FFOS_V1.0.0B02 --><project groups="default" name="releases/l10n/es/gaia" path="gaia-l10n/es" revision="ed37125adaaeea0dc6731689fd708e1789984acd"/>
  <!-- Information: releases/l10n/hr/gaia is tagged with US_DEV_FFOS_V1.0.0B02 --><project groups="default" name="releases/l10n/hr/gaia" path="gaia-l10n/hr" revision="13b2ba592fdd3622426294b389ef6548cf3ec82b"/>
  <!-- Information: releases/l10n/hr/gecko is tagged with US_DEV_FFOS_V1.0.0B02 --><project groups="default" name="releases/l10n/hr/gecko" path="gecko-l10n/hr" revision="49f0bffe3d75b282b3166bdd7d8337ad1a1574bc"/>
  <!-- Information: releases/l10n/hu/gaia is tagged with US_DEV_FFOS_V1.0.0B02 --><project groups="default" name="releases/l10n/hu/gaia" path="gaia-l10n/hu" revision="9fd479e627d44757a30742fe5a9b4baba45e62d7"/>
  <!-- Information: releases/l10n/hu/gecko is tagged with US_DEV_FFOS_V1.0.0B02 --><project groups="default" name="releases/l10n/hu/gecko" path="gecko-l10n/hu" revision="b28eef4480d0d011e00d32411659c34310ea3e26"/>
  <!-- Information: releases/l10n/pl/gaia is tagged with US_DEV_FFOS_V1.0.0B02 --><project groups="default" name="releases/l10n/pl/gaia" path="gaia-l10n/pl" revision="e418377cbe4432045673026bef1d34046421ce9f"/>
  <!-- Information: releases/l10n/pl/gecko is tagged with US_DEV_FFOS_V1.0.0B02 --><project groups="default" name="releases/l10n/pl/gecko" path="gecko-l10n/pl" revision="ec43f7fb9a6ed249b6b6e713c2d4da5524f9f9ef"/>
  <!-- Information: releases/l10n/pt-BR/gaia is tagged with US_DEV_FFOS_V1.0.0B02 --><project groups="default" name="releases/l10n/pt-BR/gaia" path="gaia-l10n/pt-BR" revision="4822286c7e2e481cfb474e663fa725254d0f3490"/>
  <!-- Information: releases/l10n/pt-BR/gecko is tagged with US_DEV_FFOS_V1.0.0B02 --><project groups="default" name="releases/l10n/pt-BR/gecko" path="gecko-l10n/pt-BR" revision="5eb1dbe81d1effeb753c7e176e11c1bddf00e092"/>
  <!-- Information: releases/l10n/ro/gaia is tagged with US_DEV_FFOS_V1.0.0B02 --><project groups="default" name="releases/l10n/ro/gaia" path="gaia-l10n/ro" revision="a271bcc39f6f89e3523bd6a49cf3c3b5b53e266d"/>
  <!-- Information: releases/l10n/ro/gecko is tagged with US_DEV_FFOS_V1.0.0B02 --><project groups="default" name="releases/l10n/ro/gecko" path="gecko-l10n/ro" revision="6382abc4fac354920a16b6025214a3966f711577"/>
  <!-- Information: platform/vendor/qcom-proprietary/b2g_common is tagged with US_DEV_FFOS_V1.0.0B02 --><project groups="default" name="platform/vendor/qcom-proprietary/b2g_common" path="vendor/qcom/proprietary/b2g_common" revision="5ab3bd050377a49474195fc7aecbffed95b2eaa9"/>
  <!-- Information: platform/vendor/qcom-proprietary/b2g_location is tagged with US_DEV_FFOS_V1.0.0B02 --><project groups="default" name="platform/vendor/qcom-proprietary/b2g_location" path="vendor/qcom/proprietary/b2g_location" revision="6eb0ef6a4c1ecced7ce72d62c19c32eae7136e57"/>
  <!-- Information: platform/vendor/qcom-proprietary/bt/dun is tagged with US_DEV_FFOS_V1.0.0B02 --><project groups="default" name="platform/vendor/qcom-proprietary/bt/dun" path="vendor/qcom/proprietary/bt/dun" revision="bc515bed22d0ec696d1e954018d84bf531e5303f"/>
  <!-- Information: platform/vendor/qcom-proprietary/bt/sap is tagged with US_DEV_FFOS_V1.0.0B02 --><project groups="default" name="platform/vendor/qcom-proprietary/bt/sap" path="vendor/qcom/proprietary/bt/sap" revision="1a967be71e04c0261a8f537bd2da632ad04d991b"/>
  <!-- Information: platform/vendor/qcom-proprietary/ccid is tagged with US_DEV_FFOS_V1.0.0B02 --><project groups="default" name="platform/vendor/qcom-proprietary/ccid" path="vendor/qcom/proprietary/ccid" revision="60aa490493b3902f7d0df4be66709855099631b0"/>
  <!-- Information: platform/vendor/qcom-proprietary/clang-rs is tagged with US_DEV_FFOS_V1.0.0B02 --><project groups="default" name="platform/vendor/qcom-proprietary/clang-rs" path="vendor/qcom/proprietary/clang-rs" revision="babba38c2fa705a64ef5d543da7d11bb098dae37"/>
  <!-- Information: platform/vendor/qcom-proprietary/fm is tagged with US_DEV_FFOS_V1.0.0B02 --><project groups="default" name="platform/vendor/qcom-proprietary/fm" path="vendor/qcom/proprietary/fm" revision="571487dbbce9e13ec9ad656670861c9abb722efe"/>
  <!-- Information: platform/vendor/qcom-proprietary/grease/utilities is tagged with US_DEV_FFOS_V1.0.0B02 --><project groups="default" name="platform/vendor/qcom-proprietary/grease/utilities" path="vendor/qcom/proprietary/grease/utilities" revision="f54c895f506771fc523460d6766a696f1016f2e9"/>
  <!-- Information: platform/vendor/qcom-proprietary/hardware is tagged with US_DEV_FFOS_V1.0.0B02 --><project groups="default" name="platform/vendor/qcom-proprietary/hardware" path="vendor/qcom/proprietary/hardware" revision="d56e7fa0f795d78922c880ea0f8176164101729b"/>
  <!-- Information: platform/vendor/qcom-proprietary/kernel-tests is tagged with US_DEV_FFOS_V1.0.0B02 --><project groups="default" name="platform/vendor/qcom-proprietary/kernel-tests" path="vendor/qcom/proprietary/kernel-tests" revision="c12b0c38a4fa07e8534da19bd17c9b1b9fa73dbe"/>
  <!-- Information: platform/vendor/qcom-proprietary/ks is tagged with US_DEV_FFOS_V1.0.0B02 --><project groups="default" name="platform/vendor/qcom-proprietary/ks" path="vendor/qcom/proprietary/ks" revision="61a31c8c8796a2368c86ee3f1108d53111e2a708"/>
  <!-- Information: platform/vendor/qcom-proprietary/Innopath is tagged with US_DEV_FFOS_V1.0.0B02 --><project groups="default" name="platform/vendor/qcom-proprietary/Innopath" path="vendor/qcom/proprietary/Innopath" revision="27a22676401f8e89663f9bae625be49766e20ba6"/>
  <!-- Information: platform/vendor/qcom-proprietary/flash10-bin is tagged with US_DEV_FFOS_V1.0.0B02 --><project groups="default" name="platform/vendor/qcom-proprietary/flash10-bin" path="vendor/qcom/proprietary/flash10-bin" revision="5f193d8349659b077c928a18117fe8d7622271c6"/>
  <!-- Information: platform/vendor/qcom-proprietary/cne is tagged with US_DEV_FFOS_V1.0.0B02 --><project groups="default" name="platform/vendor/qcom-proprietary/cne" path="vendor/qcom/proprietary/cne" revision="fc5f925cb30875bff4f6f1c092130def5f62fec2"/>
  <!-- Information: platform/vendor/qcom-proprietary/android-perf is tagged with US_DEV_FFOS_V1.0.0B02 --><project groups="default" name="platform/vendor/qcom-proprietary/android-perf" path="vendor/qcom/proprietary/android-perf" revision="77a641f79cd05f93d06ec52bd9524ce6bee30ed1"/>
  <!-- Information: platform/vendor/qcom-proprietary/llvm-rs is tagged with US_DEV_FFOS_V1.0.0B02 --><project groups="default" name="platform/vendor/qcom-proprietary/llvm-rs" path="vendor/qcom/proprietary/llvm-rs" revision="593b47985da16ef7a93a2a981cdce632d3fc75e1"/>
  <!-- Information: platform/vendor/qcom-proprietary/mm-camera is tagged with US_DEV_FFOS_V1.0.0B02 --><project groups="default" name="platform/vendor/qcom-proprietary/mm-camera" path="vendor/qcom/proprietary/mm-camera" revision="bed0265f53fa02715e1db45ba14822dff1ec0d0a"/>
  <!-- Information: platform/vendor/qcom-proprietary/mm-still is tagged with US_DEV_FFOS_V1.0.0B02 --><project groups="default" name="platform/vendor/qcom-proprietary/mm-still" path="vendor/qcom/proprietary/mm-still" revision="235128e3aa65fdab8d13b9a9b233caf82de4ddf2"/>
  <!-- Information: platform/vendor/qcom-proprietary/modem-apis/msm7627a is tagged with US_DEV_FFOS_V1.0.0B02 --><project groups="default" name="platform/vendor/qcom-proprietary/modem-apis/msm7627a" path="vendor/qcom/proprietary/modem-apis/msm7627a" revision="c96c41cd36c8a4f189e1e9f8b2bdec4c6fcb1098"/>
  <!-- Information: platform/vendor/qcom-proprietary/qcNvItems is tagged with US_DEV_FFOS_V1.0.0B02 --><project groups="default" name="platform/vendor/qcom-proprietary/qcNvItems" path="vendor/qcom/proprietary/qcNvItems" revision="b0634c26ca2599ffefa406d0a259a3324e36d17c"/>
  <!-- Information: platform/vendor/qcom-proprietary/qcrilOemHook is tagged with US_DEV_FFOS_V1.0.0B02 --><project groups="default" name="platform/vendor/qcom-proprietary/qcrilOemHook" path="vendor/qcom/proprietary/qcrilOemHook" revision="e07ed29c1249e40160b7d73b83eb3b986e7189e9"/>
  <!-- Information: platform/vendor/qcom-proprietary/remotefs is tagged with US_DEV_FFOS_V1.0.0B02 --><project groups="default" name="platform/vendor/qcom-proprietary/remotefs" path="vendor/qcom/proprietary/remotefs" revision="cb0ecbab7d3b187e656f73002d0262156bb6a377"/>
  <project groups="default" name="platform/vendor/qcom-proprietary/ship/bt/hci_qcomm_init" path="vendor/qcom/proprietary/bt/hci_qcomm_init" revision="b495702fed18d48826ffc29f211223e0ca9f9e92"/>
  <project groups="default" name="platform/vendor/qcom-proprietary/ship/common" path="vendor/qcom/proprietary/common" revision="9cd2fd8e939cc69c20dbd8d3c221f54b997ec6c7"/>
  <!-- Information: platform/vendor/qcom-proprietary/ship/data is tagged with US_DEV_FFOS_V1.0.0B02 --><project groups="default" name="platform/vendor/qcom-proprietary/ship/data" path="vendor/qcom/proprietary/data" revision="f831ce0b150748b054b21ebc3f849473c5c38a98"/>
  <!-- Information: platform/vendor/qcom-proprietary/ship/diag is tagged with US_DEV_FFOS_V1.0.0B02 --><project groups="default" name="platform/vendor/qcom-proprietary/ship/diag" path="vendor/qcom/proprietary/diag" revision="e2c9ec657c62a543423f493115d1307333ad2b55"/>
  <!-- Information: platform/vendor/qcom-proprietary/ship/ftm is tagged with US_DEV_FFOS_V1.0.0B02 --><project groups="default" name="platform/vendor/qcom-proprietary/ship/ftm" path="vendor/qcom/proprietary/ftm" revision="b4884e83f3c3bb454d5a5c18b4cc990cdc9297b7"/>
  <!-- Information: platform/vendor/qcom-proprietary/ship/gps is tagged with US_DEV_FFOS_V1.0.0B02 --><project groups="default" name="platform/vendor/qcom-proprietary/ship/gps" path="vendor/qcom/proprietary/gps" revision="bd1641e654e6f74e271bd7f72bf8c8244e7e3baa"/>
  <!-- Information: platform/vendor/qcom-proprietary/ship/mm-audio is tagged with US_DEV_FFOS_V1.0.0B02 --><project groups="default" name="platform/vendor/qcom-proprietary/ship/mm-audio" path="vendor/qcom/proprietary/mm-audio" revision="0f15bbff49e6a96f5fa3e0edb25ff35a2800eaba"/>
  <!-- Information: platform/vendor/qcom-proprietary/ship/mm-core is tagged with US_DEV_FFOS_V1.0.0B02 --><project groups="default" name="platform/vendor/qcom-proprietary/ship/mm-core" path="vendor/qcom/proprietary/mm-core" revision="3af24d2dc6cac6d73b18823bb8e1d7d368f9ec49"/>
  <!-- Information: platform/vendor/qcom-proprietary/ship/mm-osal is tagged with US_DEV_FFOS_V1.0.0B02 --><project groups="default" name="platform/vendor/qcom-proprietary/ship/mm-osal" path="vendor/qcom/proprietary/mm-osal" revision="8f2b851f2d5b11433d1899f394346cde9cff8642"/>
  <!-- Information: platform/vendor/qcom-proprietary/ship/mm-parser is tagged with US_DEV_FFOS_V1.0.0B02 --><project groups="default" name="platform/vendor/qcom-proprietary/ship/mm-parser" path="vendor/qcom/proprietary/mm-parser" revision="29fa54ad13ad0f7c5adb5af14591e68e7f11e855"/>
  <!-- Information: platform/vendor/qcom-proprietary/ship/mm-qsm is tagged with US_DEV_FFOS_V1.0.0B02 --><project groups="default" name="platform/vendor/qcom-proprietary/ship/mm-qsm" path="vendor/qcom/proprietary/mm-qsm" revision="ed93f329bc2012833f3aad143eb047cbaf400726"/>
  <!-- Information: platform/vendor/qcom-proprietary/ship/mm-video is tagged with US_DEV_FFOS_V1.0.0B02 --><project groups="default" name="platform/vendor/qcom-proprietary/ship/mm-video" path="vendor/qcom/proprietary/mm-video" revision="165f79924473ef2de0c6ff8bca0ed0d7a0d64bfd"/>
  <!-- Information: platform/vendor/qcom-proprietary/ship/mp-decision is tagged with US_DEV_FFOS_V1.0.0B02 --><project groups="default" name="platform/vendor/qcom-proprietary/ship/mp-decision" path="vendor/qcom/proprietary/mpdecision" revision="b9c02cf3674630df00c20d19e7f92f91c6d60a81"/>
  <!-- Information: platform/vendor/qcom-proprietary/ship/oncrpc is tagged with US_DEV_FFOS_V1.0.0B02 --><project groups="default" name="platform/vendor/qcom-proprietary/ship/oncrpc" path="vendor/qcom/proprietary/oncrpc" revision="7cda3faef8ca9dc0ce7afb4d7896338123b2d6ae"/>
  <!-- Information: platform/vendor/qcom-proprietary/ship/qcril is tagged with US_DEV_FFOS_V1.0.0B02 --><project groups="default" name="platform/vendor/qcom-proprietary/ship/qcril" path="vendor/qcom/proprietary/qcril" revision="b381b49adc935f9c00db1cbd641bc7a3ba204f41"/>
  <!-- Information: platform/vendor/qcom-proprietary/ship/qmi is tagged with US_DEV_FFOS_V1.0.0B02 --><project groups="default" name="platform/vendor/qcom-proprietary/ship/qmi" path="vendor/qcom/proprietary/qmi" revision="c4f7d7a9e8c9fdf5efd7b7818572ba06c952c57e"/>
  <!-- Information: platform/vendor/qcom-proprietary/ship/qmi-framework is tagged with US_DEV_FFOS_V1.0.0B02 --><project groups="default" name="platform/vendor/qcom-proprietary/ship/qmi-framework" path="vendor/qcom/proprietary/qmi-framework" revision="6b65bd0987bba56139896d93417f8247e88803a8"/>
  <!-- Information: platform/vendor/qcom-proprietary/ship/sensors is tagged with US_DEV_FFOS_V1.0.0B02 --><project groups="default" name="platform/vendor/qcom-proprietary/ship/sensors" path="vendor/qcom/proprietary/sensors" revision="077f638737187e7aaee6b0ac6ce7d57111900749"/>
  <!-- Information: platform/vendor/qcom-proprietary/ship/time-services is tagged with US_DEV_FFOS_V1.0.0B02 --><project groups="default" name="platform/vendor/qcom-proprietary/ship/time-services" path="vendor/qcom/proprietary/time-services" revision="aed36b91ab2eccdf36cfa06f9ccdc3979ee0d5c1"/>
  <!-- Information: platform/vendor/qcom-proprietary/ship/xmllib is tagged with US_DEV_FFOS_V1.0.0B02 --><project groups="default" name="platform/vendor/qcom-proprietary/ship/xmllib" path="vendor/qcom/proprietary/xmllib" revision="2a7f87095cbacb6c243ed2cc61cf576d2c7f6db1"/>
  <!-- Information: platform/vendor/qcom-proprietary/thermal is tagged with US_DEV_FFOS_V1.0.0B02 --><project groups="default" name="platform/vendor/qcom-proprietary/thermal" path="vendor/qcom/proprietary/thermal" revision="2e007b4ca2ede5c40f8f20fe1d3e74dc3de53953"/>
  <!-- Information: platform/vendor/qcom-proprietary/ts_firmware is tagged with US_DEV_FFOS_V1.0.0B02 --><project groups="default" name="platform/vendor/qcom-proprietary/ts_firmware" path="vendor/qcom/proprietary/ts_firmware" revision="a9dbed8e26225243a406e1a84be84530d4d4b642"/>
  <!-- Information: platform/vendor/qcom-proprietary/wlan is tagged with US_DEV_FFOS_V1.0.0B02 --><project groups="default" name="platform/vendor/qcom-proprietary/wlan" path="vendor/qcom/proprietary/wlan" revision="755eb7c35c492da1e6a0afa47eedeb7606467887"/>
  <project groups="default" name="platform/vendor/qcom/proprietary/b2g_telephony" path="vendor/qcom/proprietary/b2g_telephony" revision="9b7527f003da35f8e9249c306e4b4ed8decc4179"/>
</manifest>