{
  "wallpaper.gaiamobile.org": {
    "origin": "app://wallpaper.gaiamobile.org",
    "installOrigin": "app://wallpaper.gaiamobile.org",
    "receipt": null,
    "installTime": 132333986000,
    "manifestURL": "app://wallpaper.gaiamobile.org/manifest.webapp",
    "appStatus": 3,
    "localId": 1
  },
  "bluetooth.gaiamobile.org": {
    "origin": "app://bluetooth.gaiamobile.org",
    "installOrigin": "app://bluetooth.gaiamobile.org",
    "receipt": null,
    "installTime": 132333986000,
    "manifestURL": "app://bluetooth.gaiamobile.org/manifest.webapp",
    "appStatus": 3,
    "localId": 2
  },
  "browser.gaiamobile.org": {
    "origin": "app://browser.gaiamobile.org",
    "installOrigin": "app://browser.gaiamobile.org",
    "receipt": null,
    "installTime": 132333986000,
    "manifestURL": "app://browser.gaiamobile.org/manifest.webapp",
    "appStatus": 3,
    "localId": 3
  },
  "camera.gaiamobile.org": {
    "origin": "app://camera.gaiamobile.org",
    "installOrigin": "app://camera.gaiamobile.org",
    "receipt": null,
    "installTime": 132333986000,
    "manifestURL": "app://camera.gaiamobile.org/manifest.webapp",
    "appStatus": 3,
    "localId": 4
  },
  "email.gaiamobile.org": {
    "origin": "app://email.gaiamobile.org",
    "installOrigin": "app://email.gaiamobile.org",
    "receipt": null,
    "installTime": 132333986000,
    "manifestURL": "app://email.gaiamobile.org/manifest.webapp",
    "appStatus": 3,
    "localId": 5
  },
  "clock.gaiamobile.org": {
    "origin": "app://clock.gaiamobile.org",
    "installOrigin": "app://clock.gaiamobile.org",
    "receipt": null,
    "installTime": 132333986000,
    "manifestURL": "app://clock.gaiamobile.org/manifest.webapp",
    "appStatus": 3,
    "localId": 6
  },
  "system.gaiamobile.org": {
    "origin": "app://system.gaiamobile.org",
    "installOrigin": "app://system.gaiamobile.org",
    "receipt": null,
    "installTime": 132333986000,
    "manifestURL": "app://system.gaiamobile.org/manifest.webapp",
    "appStatus": 3,
    "localId": 7
  },
  "communications.gaiamobile.org": {
    "origin": "app://communications.gaiamobile.org",
    "installOrigin": "app://communications.gaiamobile.org",
    "receipt": null,
    "installTime": 132333986000,
    "manifestURL": "app://communications.gaiamobile.org/manifest.webapp",
    "appStatus": 3,
    "localId": 8
  },
  "settings.gaiamobile.org": {
    "origin": "app://settings.gaiamobile.org",
    "installOrigin": "app://settings.gaiamobile.org",
    "receipt": null,
    "installTime": 132333986000,
    "manifestURL": "app://settings.gaiamobile.org/manifest.webapp",
    "appStatus": 3,
    "localId": 9
  },
  "fm.gaiamobile.org": {
    "origin": "app://fm.gaiamobile.org",
    "installOrigin": "app://fm.gaiamobile.org",
    "receipt": null,
    "installTime": 132333986000,
    "manifestURL": "app://fm.gaiamobile.org/manifest.webapp",
    "appStatus": 3,
    "localId": 10
  },
  "video.gaiamobile.org": {
    "origin": "app://video.gaiamobile.org",
    "installOrigin": "app://video.gaiamobile.org",
    "receipt": null,
    "installTime": 132333986000,
    "manifestURL": "app://video.gaiamobile.org/manifest.webapp",
    "appStatus": 3,
    "localId": 11
  },
  "music.gaiamobile.org": {
    "origin": "app://music.gaiamobile.org",
    "installOrigin": "app://music.gaiamobile.org",
    "receipt": null,
    "installTime": 132333986000,
    "manifestURL": "app://music.gaiamobile.org/manifest.webapp",
    "appStatus": 3,
    "localId": 12
  },
  "sms.gaiamobile.org": {
    "origin": "app://sms.gaiamobile.org",
    "installOrigin": "app://sms.gaiamobile.org",
    "receipt": null,
    "installTime": 132333986000,
    "manifestURL": "app://sms.gaiamobile.org/manifest.webapp",
    "appStatus": 3,
    "localId": 13
  },
  "keyboard.gaiamobile.org": {
    "origin": "app://keyboard.gaiamobile.org",
    "installOrigin": "app://keyboard.gaiamobile.org",
    "receipt": null,
    "installTime": 132333986000,
    "manifestURL": "app://keyboard.gaiamobile.org/manifest.webapp",
    "appStatus": 3,
    "localId": 14
  },
  "calendar.gaiamobile.org": {
    "origin": "app://calendar.gaiamobile.org",
    "installOrigin": "app://calendar.gaiamobile.org",
    "receipt": null,
    "installTime": 132333986000,
    "manifestURL": "app://calendar.gaiamobile.org/manifest.webapp",
    "appStatus": 3,
    "localId": 15
  },
  "homescreen.gaiamobile.org": {
    "origin": "app://homescreen.gaiamobile.org",
    "installOrigin": "app://homescreen.gaiamobile.org",
    "receipt": null,
    "installTime": 132333986000,
    "manifestURL": "app://homescreen.gaiamobile.org/manifest.webapp",
    "appStatus": 3,
    "localId": 16
  },
  "gallery.gaiamobile.org": {
    "origin": "app://gallery.gaiamobile.org",
    "installOrigin": "app://gallery.gaiamobile.org",
    "receipt": null,
    "installTime": 132333986000,
    "manifestURL": "app://gallery.gaiamobile.org/manifest.webapp",
    "appStatus": 3,
    "localId": 17
  },
  "pdfjs.gaiamobile.org": {
    "origin": "app://pdfjs.gaiamobile.org",
    "installOrigin": "app://pdfjs.gaiamobile.org",
    "receipt": null,
    "installTime": 132333986000,
    "manifestURL": "app://pdfjs.gaiamobile.org/manifest.webapp",
    "appStatus": 3,
    "localId": 18
  },
  "costcontrol.gaiamobile.org": {
    "origin": "app://costcontrol.gaiamobile.org",
    "installOrigin": "app://costcontrol.gaiamobile.org",
    "receipt": null,
    "installTime": 132333986000,
    "manifestURL": "app://costcontrol.gaiamobile.org/manifest.webapp",
    "appStatus": 3,
    "localId": 19
  },
  "accuweather": {
    "origin": "http://m.accuweather.com",
    "installOrigin": "http://m.accuweather.com",
    "receipt": null,
    "installTime": 132333986000,
    "manifestURL": "http://m.accuweather.com/mozilla.webapp",
    "removable": true,
    "localId": 20,
    "etag": "\"7c7c5fbc14cce1:0\"",
    "packageEtag": null,
    "appStatus": 1
  },
  "notes": {
    "origin": "app://notes",
    "installOrigin": "https://marketplace.firefox.com",
    "receipt": null,
    "installTime": 132333986000,
    "manifestURL": "https://marketplace.firefox.com/app/dcdaeefc-26f4-4af6-ad22-82eb93beadcd/manifest.webapp",
    "removable": true,
    "localId": 21,
    "etag": "\"f42c5c7abecc57c3605c6e4a06edaac8\"",
    "packageEtag": "\"8e520f59d9e139b805fb76fd9cc9748ff043bf27b8da33631232c66440297da8\"",
    "appStatus": 1
  },
  "calculator": {
    "origin": "app://calculator",
    "installOrigin": "https://marketplace.firefox.com",
    "receipt": null,
    "installTime": 132333986000,
    "manifestURL": "https://marketplace.firefox.com/app/9f96ce77-5b2d-42ca-a0d9-10a933dd84c4/manifest.webapp",
    "removable": true,
    "localId": 22,
    "etag": "\"f202532c735f9cf7bdc8ab90e242407c\"",
    "packageEtag": "\"1a204446a073b56eaf600707b5eebd1f57ec498b71b717bf96eb414085bdbbae\"",
    "appStatus": 1
  },
  "marketplace.firefox.com": {
    "origin": "app://marketplace.firefox.com",
    "installOrigin": "https://marketplace.firefox.com",
    "receipt": null,
    "installTime": 132333986000,
    "manifestURL": "https://marketplace.firefox.com/packaged.webapp",
    "removable": false,
    "localId": 23,
    "etag": "\"a2789fa2e0bc782f8c02ebdd33e55400\"",
    "packageEtag": "\"d17c1d42b6dfa9ef093908204e7bface\"",
    "appStatus": 2
  },
  "m.here.com": {
    "origin": "app://m.here.com",
    "installOrigin": "https://marketplace.firefox.com",
    "receipt": null,
    "installTime": 132333986000,
    "manifestURL": "https://marketplace.firefox.com/app/7eccfd71-2765-458d-983f-078580b46a11/manifest.webapp",
    "removable": false,
    "localId": 24,
    "etag": null,
    "packageEtag": null,
    "appStatus": 1
  },
  "wikipedia": {
    "origin": "https://bits.wikimedia.org",
    "installOrigin": "https://bits.wikimedia.org",
    "receipt": null,
    "installTime": 132333986000,
    "manifestURL": "https://bits.wikimedia.org/WikipediaMobileFirefoxOS/manifest.webapp",
    "removable": true,
    "localId": 25,
    "etag": "\"2cb-4dbe6958f4c40\"",
    "packageEtag": null,
    "appStatus": 1
  }
}
